Turbo Assembler	 Version 4.1	    04/04/26 20:56:31	    Page 1
DCEMLID.ASM



      1				     ; DCEMLID.ASM - ODI MLID Driver for Serial/Parallel Direct	Cable Connection
      2				     ; Implements point-to-point IPX networking	over null-modem	or parallel cables
      3				     ; Supports	configurable MAC, baud rates, flow control, and	automatic UMB loading
      4				     ; 8086 CPU	compatible (runs on IBM	PC/XT and all compatibles)
      5
      6				     ; Build as	.COM file with:	TASM /m2 /jJUMPS DCEMLID.ASM &&	TLINK /t DCEMLID.OBJ
      7				     ; Home of sourcecode: https://github.com/smarthomerocks/dcemlid
      8				     ;
      9				     ; For specification of LSL, MLID, ODI and IPX,see:	dos_pstack.txt
     10
     11
     12
     13				     .8086			     ; 8086 CPU	instructions only
     14
     15	0000			     CODE    SEGMENT
     16					     ASSUME CS:CODE, DS:CODE, ES:CODE, SS:CODE
     17					     ORG 100h		     ; .COM file starts	at offset 100h
     18
     19				     ;=============================================================================
     20				     ; Constants and Equates
     21				     ;=============================================================================
     22
     23				     ; Driver Information
     24	      =0100		     DRIVER_VERSION  EQU 0100h		     ; Version 1.00
     25	      =0240		     MTU_SIZE	     EQU 576		     ; Maximum Transmission Unit (IPX max)
     26
     27				     ; Multiplex and LSL Constants
     28	      =C0A0		     MULTIPLEX_ID    EQU 0C0A0h		     ; Our multiplex ID
     29	      =C000		     LSL_CHECK	     EQU 0C000h		     ; Check if	LSL loaded
     30	      =C001		     LSL_REGISTER    EQU 0C001h		     ; Register	MLID with LSL
     31	      =C003		     LSL_GET_CONFIG  EQU 0C003h		     ; Get configuration from LSL
     32
     33				     ; Frame Protocol Constants
     34	      =00C0		     FRAME_START     EQU 0C0h		     ; SLIP-style frame	delimiter
     35	      =00DB		     FRAME_ESC	     EQU 0DBh		     ; Escape character
     36	      =00DC		     ESC_START	     EQU 0DCh		     ; Escaped START
     37	      =00DD		     ESC_ESC	     EQU 0DDh		     ; Escaped ESC
     38	      =00DE		     ESC_XON	     EQU 0DEh		     ; Escaped XON
     39	      =00DF		     ESC_XOFF	     EQU 0DFh		     ; Escaped XOFF
     40	      =0011		     XON_CHAR	     EQU 011h		     ; XON (Ctrl+Q)
     41	      =0013		     XOFF_CHAR	     EQU 013h		     ; XOFF (Ctrl+S)
     42	      =0006		     ACK_CHAR	     EQU 006h		     ; ACK
     43	      =0015		     NAK_CHAR	     EQU 015h		     ; NAK
     44
     45				     ; UART Register Offsets
     46	      =0000		     UART_RBR	     EQU 0		     ; Receiver	Buffer (Read)
     47	      =0000		     UART_THR	     EQU 0		     ; Transmitter Holding (Write)
     48	      =0001		     UART_IER	     EQU 1		     ; Interrupt Enable
     49	      =0002		     UART_IIR	     EQU 2		     ; Interrupt Identification	(Read)
     50	      =0002		     UART_FCR	     EQU 2		     ; FIFO Control (Write)
     51	      =0003		     UART_LCR	     EQU 3		     ; Line Control
     52	      =0004		     UART_MCR	     EQU 4		     ; Modem Control
     53	      =0005		     UART_LSR	     EQU 5		     ; Line Status
     54	      =0006		     UART_MSR	     EQU 6		     ; Modem Status
     55	      =0007		     UART_SCR	     EQU 7		     ; Scratch Register
     56
     57				     ; UART Configuration Values
Turbo Assembler	 Version 4.1	    04/04/26 20:56:31	    Page 2
DCEMLID.ASM



     58	      =0080		     LCR_DLAB	     EQU 80h		     ; Divisor Latch Access Bit
     59	      =0003		     LCR_8N1	     EQU 03h		     ; 8 data bits, no parity, 1 stop
     60	      =0001		     FCR_ENABLE	     EQU 01h		     ; Enable FIFO
     61	      =0006		     FCR_CLEAR	     EQU 06h		     ; Clear TX/RX FIFOs
     62	      =0080		     FCR_TRIGGER_8   EQU 80h		     ; 8-byte trigger level
     63	      =0001		     MCR_DTR	     EQU 01h		     ; Data Terminal Ready
     64	      =0002		     MCR_RTS	     EQU 02h		     ; Request To Send
     65	      =0008		     MCR_OUT2	     EQU 08h		     ; OUT2 (enable IRQ)
     66
     67				     ; Parallel	Port Register Offsets
     68	      =0000		     LPT_DATA	     EQU 0		     ; Data register
     69	      =0001		     LPT_STATUS	     EQU 1		     ; Status register
     70	      =0002		     LPT_CONTROL     EQU 2		     ; Control register
     71	      =0003		     LPT_EPP_ADDR    EQU 3		     ; EPP address port
     72	      =0004		     LPT_EPP_DATA    EQU 4		     ; EPP data	port
     73	      =0402		     LPT_ECR	     EQU 402h		     ; Extended	Control	Register
     74
     75				     ; Parallel	Port Control Bits
     76	      =0001		     LPT_CTRL_STROBE EQU 01h		     ; Strobe
     77	      =0002		     LPT_CTRL_AUTOFD EQU 02h		     ; Auto Line Feed
     78	      =0004		     LPT_CTRL_INIT   EQU 04h		     ; Initialize
     79	      =0008		     LPT_CTRL_SELECT EQU 08h		     ; Select In
     80	      =0010		     LPT_CTRL_IRQ    EQU 10h		     ; Enable IRQ
     81	      =0020		     LPT_CTRL_BIDIR  EQU 20h		     ; Bidirectional enable (PS/2)
     82
     83				     ; Parallel	Port Status Bits
     84	      =0004		     LPT_STAT_NIRQ   EQU 04h		     ; nIRQ (active low) - interrupt pending
     85	      =0008		     LPT_STAT_ERROR  EQU 08h		     ; nError (active low)
     86	      =0010		     LPT_STAT_ONLINE EQU 10h		     ; Select/Online
     87	      =0020		     LPT_STAT_PAPER  EQU 20h		     ; Paper Out
     88	      =0040		     LPT_STAT_NACK   EQU 40h		     ; nAck (active low) - data	acknowledged
     89	      =0080		     LPT_STAT_NBUSY  EQU 80h		     ; nBusy (active low) - peripheral busy
     90
     91				     ; Buffer Sizes
     92	      =1000		     RX_BUFFER_SIZE  EQU 4096		     ; 4KB receive circular buffer
     93	      =0800		     TX_BUFFER_SIZE  EQU 2048		     ; 2KB transmit queue
     94
     95				     ; Timing Constants
     96	      =00C8		     RETRY_TIMEOUT   EQU 200		     ; 200ms timeout
     97	      =0002		     MAX_RETRIES     EQU 2		     ; Maximum retry attempts
     98	      =0200		     MAX_CONFIG_LEN  EQU 512		     ; Maximum config string length
     99
    100				     ; MLID Control Function Codes
    101	      =0001		     MLID_RESET	     EQU 01h
    102	      =0002		     MLID_SHUTDOWN   EQU 02h
    103	      =0005		     MLID_GET_STATS  EQU 05h
    104	      =0006		     MLID_SEND_PKT   EQU 06h
    105	      =0007		     MLID_REG_RX     EQU 07h
    106
    107				     ; ECB (Event Control Block) Structure Offsets
    108	      =0000		     ECB_Link	     EQU 0		     ; DD - Link to next ECB
    109	      =0004		     ECB_ESR	     EQU 4		     ; DD - Event Service Routine
    110	      =0008		     ECB_InUse	     EQU 8		     ; DB - In use flag
    111	      =0009		     ECB_CompCode    EQU 9		     ; DB - Completion code
    112	      =000A		     ECB_Socket	     EQU 10		     ; DW - Socket number
    113	      =000C		     ECB_IPXWork     EQU 12		     ; 4 bytes - IPX workspace
    114	      =0010		     ECB_DriverWork  EQU 16		     ; 12 bytes	- Driver workspace
Turbo Assembler	 Version 4.1	    04/04/26 20:56:31	    Page 3
DCEMLID.ASM



    115	      =001C		     ECB_ImmAddr     EQU 28		     ; 6 bytes - Immediate address
    116	      =0022		     ECB_FragCount   EQU 34		     ; DW - Fragment count
    117	      =0024		     ECB_FragList    EQU 36		     ; Fragment	descriptors start
    118
    119				     ; Fragment	Descriptor Offsets (each 6 bytes)
    120	      =0000		     FRAG_Addr	     EQU 0		     ; DD - Fragment address
    121	      =0004		     FRAG_Size	     EQU 4		     ; DW - Fragment size
    122
    123				     ; ECB Completion Codes
    124	      =0000		     ECB_SUCCESS     EQU 00h		     ; Successful
    125	      =00FA		     ECB_TIMEOUT     EQU 0FAh		     ; Timeout waiting for ACK
    126	      =00FC		     ECB_CANCELLED   EQU 0FCh		     ; Cancelled by application
    127	      =00FD		     ECB_HARDWARE    EQU 0FDh		     ; Hardware	error
    128	      =00FE		     ECB_BAD_PKT     EQU 0FEh		     ; Malformed packet
    129	      =00FF		     ECB_OVERFLOW    EQU 0FFh		     ; Packet overflow
    130
    131				     ;=============================================================================
    132				     ; Entry Point - Jump over data section
    133				     ;=============================================================================
    134
    135	0100			     Start:
    136	0100  E9 2850			     jmp     Main	     ; Skip over data section to main code
    137
    138				     ;=============================================================================
    139				     ; Data Section (embedded in code segment for .COM file)
    140				     ;=============================================================================
    141
    142				     ; Driver Information
    143	0103  44 43 45 4D 4C 49	44+  DRIVER_NAME     DB	'DCEMLID',0
    144	      00
    145
    146				     ; Configuration Parameters
    147	*10B			     Config STRUC
    148	*000  01*(00)			 Mode	     DB	0		     ; 0=Serial, 1=PAR4, 2=PAR8
    149	*001  01*(03F8)			 Port	     DW	3F8h		     ; I/O port	base address
    150	*003  01*(0001C200)		 BaudRate    DD	115200		     ; Baud rate (serial only)
    151	*007  01*(00)			 FlowCtrl    DB	0		     ; 0=RTS/CTS, 1=XON/XOFF
    152	*008  01*(06*(00))		 MacAddr     DB	6 DUP(0)	     ; MAC address
    153	*00E  01*(FF)			 IRQNum	     DB	0FFh		     ; IRQ number (FFh = auto-detect)
    154	*00F  01*(00)			 UARTType    DB	0		     ; 0=8250, 1=16550
    155	*010  01*(00)			 ParMode     DB	0		     ; For PAR8: 0=EPP,	1=PS/2
    156	*011  01*(0000)			 BoardNum    DW	0		     ; Board number for	multiple instances
    157	*013  01*(01)			 PortSource  DB	1		     ; 0=BDA lookup, 1=Raw address
    158	*014  01*(0005)			 FrameType   DW	0005h		     ; Frame type ID (default: 802.2)
    159	*016			     Config ENDS
    160
    161	010B  00 03F8 0001C200 00 +  CfgData Config <>
    162	      06*(00) FF 00 00	  +
    163	      0000 01 0005
    164
    165				     ; ODI Statistics Structure	(per ODI Spec v4.00 page 15-18)
    166	*121			     MLIDStatStructure STRUC
    167	*000  01*(01)			 MStatTableMajorVer    DB 1	       ; 00h: Major version (1)
    168	*001  01*(01)			 MStatTableMinorVer    DB 1	       ; 01h: Minor version (01) = v1.01
    169	*002  01*(000E)			 MNumGenericCounters   DW 14	       ; 02h: Number of	generic	counters
    170	*004  01*(00000000)		 MValidCounterMask     DD 0	       ; 04h: Which counters are valid (0=all valid)
    171	*008  01*(00000000)		 MTotalTxPackets       DD 0	       ; 08h: Total TX packets
Turbo Assembler	 Version 4.1	    04/04/26 20:56:31	    Page 4
DCEMLID.ASM



    172	*00C  01*(00000000)		 MTotalRxPackets       DD 0	       ; 0Ch: Total RX packets
    173	*010  01*(00000000)		 MNoECBsAvailable      DD 0	       ; 10h: No ECBs available	count
    174	*014  01*(00000000)		 MTxTooBig	       DD 0	       ; 14h: TX too big count
    175	*018  01*(00000000)		 MTxTooSmall	       DD 0	       ; 18h: TX too small count
    176	*01C  01*(00000000)		 MRxOverflow	       DD 0	       ; 1Ch: RX overflow count
    177	*020  01*(00000000)		 MRxTooBig	       DD 0	       ; 20h: RX too big count
    178	*024  01*(00000000)		 MRxTooSmall	       DD 0	       ; 24h: RX too small count
    179	*028  01*(00000000)		 MTxMiscError	       DD 0	       ; 28h: TX misc error count
    180	*02C  01*(00000000)		 MRxMiscError	       DD 0	       ; 2Ch: RX misc error count
    181	*030  01*(00000000)		 MTxRetryCount	       DD 0	       ; 30h: TX retry count
    182	*034  01*(00000000)		 MRxChecksumError      DD 0	       ; 34h: RX checksum error	count
    183	*038  01*(00000000)		 MRxMismatchError      DD 0	       ; 38h: RX mismatch error	count
    184	*03C  01*(00000000)		 MQueueDepth	       DD 0	       ; 3Ch: Queue depth
    185	*040  01*(00000000)		 MTxOKMulticastCount   DD 0	       ; 40h: TX multicast count
    186	*044  01*(00000000)		 MRxOKMulticastCount   DD 0	       ; 44h: RX multicast count
    187	*048  01*(0000)			 MNumCustomCounters    DW 0	       ; 48h: Number of	custom counters	(0)
    188	*04A			     MLIDStatStructure ENDS
    189
    190	0121  01 01 000E 00000000 +  MLIDStatistics MLIDStatStructure <>
    191	      00000000 00000000	  +
    192	      00000000 00000000	  +
    193	      00000000 00000000	  +
    194	      00000000 00000000	  +
    195	      00000000 00000000	  +
    196	      00000000 00000000	  +
    197	      00000000 00000000	  +
    198	      00000000 00000000	  +
    199	      0000
    200
    201				     ; Legacy Stats alias (for backward	compat with existing code)
    202	*16B			     Stats STRUC
    203	*000  01*(00000000)		 TxPackets   DD	0
    204	*004  01*(00000000)		 TxBytes     DD	0
    205	*008  01*(00000000)		 RxPackets   DD	0
    206	*00C  01*(00000000)		 RxBytes     DD	0
    207	*010  01*(00000000)		 CRCErrors   DD	0
    208	*014  01*(00000000)		 Timeouts    DD	0
    209	*018  01*(00000000)		 Retries     DD	0
    210	*01C  01*(00000000)		 Overruns    DD	0
    211	*020			     Stats ENDS
    212
    213	016B  00000000 00000000	  +  Statistics	Stats <>
    214	      00000000 00000000	  +
    215	      00000000 00000000	  +
    216	      00000000 00000000
    217
    218				     ; Driver State
    219	018B  00		     DriverLoaded    DB	0		     ; Flag: driver loaded
    220	018C  00		     DriverActive    DB	0		     ; Flag: driver active (not	idle)
    221	018D  0000		     RxHandlerOff    DW	0		     ; LSL receive handler offset
    222	018F  0000		     RxHandlerSeg    DW	0		     ; LSL receive handler segment
    223
    224				     ; Transmit	Monitor	(for RegisterTxMonitor BX=4)
    225	0191  0000		     TxMonitorOff    DW	0		     ; TX monitor routine offset
    226	0193  0000		     TxMonitorSeg    DW	0		     ; TX monitor routine segment
    227	0195  00		     TxMonitorActive DB	0		     ; TX monitor enabled flag
    228
Turbo Assembler	 Version 4.1	    04/04/26 20:56:31	    Page 5
DCEMLID.ASM



    229				     ; Current LookAhead Size (for SetLookAheadSize BX=9)
    230	0196  0040		     CurrentLookAhead DW 64		     ; Default 64 bytes
    231
    232				     ; LSL Entry Point (read from LSL Support Table)
    233	0198  0000		     LSLEntryOff     DW	0
    234	019A  0000		     LSLEntrySeg     DW	0
    235	019C  0000		     LSLVersion	     DW	0		     ; LSL version (AL=major, AH=minor)
    236	019E  0000		     LSLBoardNum     DW	0		     ; Board number assigned by	LSL
    237
    238				     ; Interrupt Vectors (Off then Seg for correct FAR JMP dword ptr)
    239	01A0  0000		     OldInt2F_Off    DW	0
    240	01A2  0000		     OldInt2F_Seg    DW	0
    241	01A4  0000		     OldHwInt_Off    DW	0
    242	01A6  0000		     OldHwInt_Seg    DW	0
    243
    244				     ; Transmit	State
    245	01A8  00		     TxSeqNum	     DB	0		     ; Current TX sequence number
    246	01A9  00		     TxPending	     DB	0		     ; TX in progress flag
    247	01AA  00		     TxPaused	     DB	0		     ; TX paused by XON/XOFF flow control
    248	01AB  00		     TxRetransmit    DB	0		     ; NAK received - retransmit needed
    249	01AC  00		     TxRetryCount    DB	0		     ; Current retry count
    250	01AD  0000		     TxTimeout	     DW	0		     ; Timeout counter
    251	01AF  0000		     TxInPtr	     DW	0		     ; TX buffer write pointer
    252	01B1  0000		     TxOutPtr	     DW	0		     ; TX buffer read pointer
    253
    254				     ; ECB Queue Management
    255	01B3  00000000		     TxQueueHead     DD	0		     ; Head of transmit	ECB queue
    256	01B7  00000000		     TxQueueTail     DD	0		     ; Tail of transmit	ECB queue
    257	01BB  0000		     TxQueueCount    DW	0		     ; Number of ECBs in queue
    258	01BD  00000000		     TxCurrentECB    DD	0		     ; Currently transmitting ECB
    259	01C1  0000		     TxCurrentSeg    DW	0		     ; Segment of current ECB
    260	01C3  0000		     TxCurrentOff    DW	0		     ; Offset of current ECB
    261	01C5  0000		     TxFragIndex     DW	0		     ; Current fragment	index
    262	01C7  0000		     TxFragOffset    DW	0		     ; Offset within current fragment
    263	01C9  0000		     TxTotalSent     DW	0		     ; Total bytes sent	in current packet
    264	01CB  0000		     TxPacketSize    DW	0		     ; Total packet size
    265	01CD  FFFF		     TxCRC	     DW	0FFFFh		     ; Transmit	CRC
    266
    267				     ; Saved ECB pointer for receive processing
    268	01CF  0000		     SavedECBOff     DW	0		     ; Saved ECB offset	during copy
    269	01D1  0000		     SavedECBSeg     DW	0		     ; Saved ECB segment during	copy
    270
    271				     ; Receive State
    272	01D3  00		     RxSeqNum	     DB	0		     ; Expected	RX sequence number
    273	01D4  00		     RxState	     DB	0		     ; Frame parser FSM	state
    274	01D5  00		     RxEscaped	     DB	0		     ; Escape sequence flag
    275	01D6  0000		     RxBufIdx	     DW	0		     ; Current buffer index
    276	01D8  0000		     RxFrameLen	     DW	0		     ; Current frame length
    277	01DA  FFFF		     RxCRC	     DW	0FFFFh		     ; Running CRC calculation
    278
    279				     ; Backpressure State
    280	01DC  00		     RxPaused	     DB	0		     ; 1 = we signaled pause to	remote
    281	01DD  0E00		     RxPauseThresh   DW	3584		     ; Pause threshold (RX_BUFFER_SIZE - 512)
    282	01DF  0400		     RxResumeThresh  DW	1024		     ; Resume threshold	(1KB free)
    283
    284				     ; Buffers
    285	01E1  1000*(00)		     RxBuffer	     DB	RX_BUFFER_SIZE DUP(0)
Turbo Assembler	 Version 4.1	    04/04/26 20:56:31	    Page 6
DCEMLID.ASM



    286	11E1  0800*(00)		     TxBuffer	     DB	TX_BUFFER_SIZE DUP(0)
    287	19E1  0260*(00)		     FrameBuffer     DB	MTU_SIZE+32 DUP(0)   ; Temp frame assembly buffer (extra for headers)
    288	1C41  0260*(00)		     TxFrameBuffer   DB	MTU_SIZE+32 DUP(0)   ; Transmit	frame assembly buffer
    289
    290				     ; LSL Configuration Keywords
    291	1EA1  4D 4F 44 45 00	     CfgKeyMode	     DB	'MODE',0
    292	1EA6  50 4F 52 54 00	     CfgKeyPort	     DB	'PORT',0
    293	1EAB  49 4E 54 00	     CfgKeyInt	     DB	'INT',0
    294	1EAF  42 41 55 44 00	     CfgKeyBaud	     DB	'BAUD',0
    295	1EB4  46 4C 4F 57 00	     CfgKeyFlow	     DB	'FLOW',0
    296	1EB9  4E 4F 44 45 00	     CfgKeyNode	     DB	'NODE',0
    297	1EBE  46 52 41 4D 45 00	     CfgKeyFrame     DB	'FRAME',0
    298	1EC4  53 45 52 49 41 4C	00   CfgValSerial    DB	'SERIAL',0
    299	1ECB  50 41 52 34 00	     CfgValPar4	     DB	'PAR4',0
    300	1ED0  50 41 52 38 00	     CfgValPar8	     DB	'PAR8',0
    301	1ED5  52 54 53 00	     CfgValRTS	     DB	'RTS',0
    302	1ED9  58 4F 4E 00	     CfgValXON	     DB	'XON',0
    303
    304				     ; Frame Type Values
    305	1EDD  45 54 48 45 52 4E	45+  CfgVal8022	     DB	'ETHERNET_802.2',0
    306	      54 5F 38 30 32 2E	32+
    307	      00
    308	1EEC  45 54 48 45 52 4E	45+  CfgVal8023	     DB	'ETHERNET_802.3',0
    309	      54 5F 38 30 32 2E	33+
    310	      00
    311	1EFB  45 54 48 45 52 4E	45+  CfgValEthII     DB	'ETHERNET_II',0
    312	      54 5F 49 49 00
    313	1F07  45 54 48 45 52 4E	45+  CfgValSNAP	     DB	'ETHERNET_SNAP',0
    314	      54 5F 53 4E 41 50	00
    315
    316				     ; Messages
    317	1F15  44 43 45 4D 4C 49	44+  MsgBanner	     DB	'DCEMLID v1.00 - ODI MLID Driver for Direct Cable Connection',13,10,'$'
    318	      20 76 31 2E 30 30	20+
    319	      2D 20 4F 44 49 20	4D+
    320	      4C 49 44 20 44 72	69+
    321	      76 65 72 20 66 6F	72+
    322	      20 44 69 72 65 63	74+
    323	      20 43 61 62 6C 65	20+
    324	      43 6F 6E 6E 65 63	74+
    325	      69 6F 6E 0D 0A 24
    326	1F53  44 72 69 76 65 72	20+  MsgLoaded	     DB	'Driver	loaded:	$'
    327	      6C 6F 61 64 65 64	3A+
    328	      20 24
    329	1F63  53 45 52 49 41 4C	20+  MsgSerial	     DB	'SERIAL	$'
    330	      24
    331	1F6B  50 41 52 34 20 24	     MsgPar4	     DB	'PAR4 $'
    332	1F71  50 41 52 38 2D 45	50+  MsgPar8EPP	     DB	'PAR8-EPP $'
    333	      50 20 24
    334	1F7B  50 41 52 38 2D 50	53+  MsgPar8PS2	     DB	'PAR8-PS2 $'
    335	      32 20 24
    336	1F85  50 6F 72 74 3D 24	     MsgPort	     DB	'Port=$'
    337	1F8B  20 49 52 51 3D 24	     MsgIRQ	     DB	' IRQ=$'
    338	1F91  20 4D 41 43 3D 24	     MsgMAC	     DB	' MAC=$'
    339	1F97  20 42 61 75 64 3D	     MsgBaud	     DB	' Baud='
    340	1F9D  39 36 30 30 24	     MsgBaud9600     DB	'9600$'
    341	1FA2  31 39 32 30 30 24	     MsgBaud19200    DB	'19200$'
    342	1FA8  33 38 34 30 30 24	     MsgBaud38400    DB	'38400$'
Turbo Assembler	 Version 4.1	    04/04/26 20:56:31	    Page 7
DCEMLID.ASM



    343	1FAE  35 37 36 30 30 24	     MsgBaud57600    DB	'57600$'
    344	1FB4  31 31 35 32 30 30	24   MsgBaud115200   DB	'115200$'
    345	1FBB  3F 24		     MsgBaudUnknown  DB	'?$'
    346	1FBD  20 28 38 32 35 30	29+  Msg8250	     DB	' (8250)$'
    347	      24
    348	1FC5  20 28 31 36 35 35	30+  Msg16550	     DB	' (16550)$'
    349	      29 24
    350	1FCE  20 46 6C 6F 77 3D	52+  MsgFlowRTS	     DB	' Flow=RTS/CTS$'
    351	      54 53 2F 43 54 53	24
    352	1FDC  20 46 6C 6F 77 3D	58+  MsgFlowXON	     DB	' Flow=XON/XOFF$'
    353	      4F 4E 2F 58 4F 46	46+
    354	      24
    355	1FEB  20 5B 55 4D 42 5D	24   MsgUMB	     DB	' [UMB]$'
    356	1FF2  20 5B 43 6F 6E 76	65+  MsgConv	     DB	' [Conventional]$'
    357	      6E 74 69 6F 6E 61	6C+
    358	      5D 24
    359	2002  0D 0A 24		     MsgCRLF	     DB	13,10,'$'
    360
    361				     ; Verbose mode statistics messages
    362	2005  54 58 3A 24	     MsgStatsTX	     DB	'TX:$'
    363	2009  20 52 58 3A 24	     MsgStatsRX	     DB	' RX:$'
    364	200E  20 45 72 72 3A 24	     MsgStatsErr     DB	' Err:$'
    365
    366	2014  57 41 52 4E 49 4E	47+  MsgWarn8250     DB	'WARNING: 8250 UART at high baud - packet loss may occur.',13,10
    367	      3A 20 38 32 35 30	20+
    368	      55 41 52 54 20 61	74+
    369	      20 68 69 67 68 20	62+
    370	      61 75 64 20 2D 20	70+
    371	      61 63 6B 65 74 20	6C+
    372	      6F 73 73 20 6D 61	79+
    373	      20 6F 63 63 75 72	2E+
    374	      0D 0A
    375	204E  20 20 20 20 20 20	20+		     DB	'	  Consider using 38400 or lower.',13,10,'$'
    376	      20 20 43 6F 6E 73	69+
    377	      64 65 72 20 75 73	69+
    378	      6E 67 20 33 38 34	30+
    379	      30 20 6F 72 20 6C	6F+
    380	      77 65 72 2E 0D 0A	24
    381
    382	2078  57 41 52 4E 49 4E	47+  MsgWarnCOM34    DB	'WARNING: COM3/COM4 IRQ	not specified in NET.CFG.',13,10
    383	      3A 20 43 4F 4D 33	2F+
    384	      43 4F 4D 34 20 49	52+
    385	      51 20 6E 6F 74 20	73+
    386	      70 65 63 69 66 69	65+
    387	      64 20 69 6E 20 4E	45+
    388	      54 2E 43 46 47 2E	0D+
    389	      0A
    390	20AA  20 20 20 20 20 20	20+		     DB	'	  Using	default	(may conflict).	Add INT	to config.',13,10,'$'
    391	      20 20 55 73 69 6E	67+
    392	      20 64 65 66 61 75	6C+
    393	      74 20 28 6D 61 79	20+
    394	      63 6F 6E 66 6C 69	63+
    395	      74 29 2E 20 41 64	64+
    396	      20 49 4E 54 20 74	6F+
    397	      20 63 6F 6E 66 69	67+
    398	      2E 0D 0A 24
    399
Turbo Assembler	 Version 4.1	    04/04/26 20:56:31	    Page 8
DCEMLID.ASM



    400	20E6  57 41 52 4E 49 4E	47+  MsgWarnDeregister DB 'WARNING: LSL	deregistration failed. Driver may be partially unloaded.',  +
    401	      3A 20 4C 53 4C 20	64+  13,10,'$'
    402	      65 72 65 67 69 73	74+
    403	      72 61 74 69 6F 6E	20+
    404	      66 61 69 6C 65 64	2E+
    405	      20 44 72 69 76 65	72+
    406	      20 6D 61 79 20 62	65+
    407	      20 70 61 72 74 69	61+
    408	      6C 6C 79 20 75 6E	6C+
    409	      6F 61 64 65 64 2E	0D+
    410	      0A 24
    411
    412	212E  45 52 52 4F 52 3A	20+  MsgErrLSL	     DB	'ERROR:	LSL not	loaded.	Load LSL.COM first.',13,10,'$'
    413	      4C 53 4C 20 6E 6F	74+
    414	      20 6C 6F 61 64 65	64+
    415	      2E 20 4C 6F 61 64	20+
    416	      4C 53 4C 2E 43 4F	4D+
    417	      20 66 69 72 73 74	2E+
    418	      0D 0A 24
    419	215B  45 52 52 4F 52 3A	20+  MsgErrConfig    DB	'ERROR:	No configuration in NET.CFG. Add Link Driver DCEMLID section.',13,  +
    420	      4E 6F 20 63 6F 6E	66+  10,'$'
    421	      69 67 75 72 61 74	69+
    422	      6F 6E 20 69 6E 20	4E+
    423	      45 54 2E 43 46 47	2E+
    424	      20 41 64 64 20 4C	69+
    425	      6E 6B 20 44 72 69	76+
    426	      65 72 20 44 43 45	4D+
    427	      4C 49 44 20 73 65	63+
    428	      74 69 6F 6E 2E 0D	0A+
    429	      24
    430	21A2  45 52 52 4F 52 3A	20+  MsgErrLoaded    DB	'ERROR:	Driver already loaded.',13,10,'$'
    431	      44 72 69 76 65 72	20+
    432	      61 6C 72 65 61 64	79+
    433	      20 6C 6F 61 64 65	64+
    434	      2E 0D 0A 24
    435	21C2  45 52 52 4F 52 3A	20+  MsgErrIRQ	     DB	'ERROR:	IRQ conflict detected.',13,10,'$'
    436	      49 52 51 20 63 6F	6E+
    437	      66 6C 69 63 74 20	64+
    438	      65 74 65 63 74 65	64+
    439	      2E 0D 0A 24
    440	21E2  45 52 52 4F 52 3A	20+  MsgErrPort	     DB	'ERROR:	Hardware not detected at specified port.',13,10,'$'
    441	      48 61 72 64 77 61	72+
    442	      65 20 6E 6F 74 20	64+
    443	      65 74 65 63 74 65	64+
    444	      20 61 74 20 73 70	65+
    445	      63 69 66 69 65 64	20+
    446	      70 6F 72 74 2E 0D	0A+
    447	      24
    448	2214  45 52 52 4F 52 3A	20+  MsgErrBDAPort   DB	'ERROR:	Port not present in BIOS data area.',13,10,'$'
    449	      50 6F 72 74 20 6E	6F+
    450	      74 20 70 72 65 73	65+
    451	      6E 74 20 69 6E 20	42+
    452	      49 4F 53 20 64 61	74+
    453	      61 20 61 72 65 61	2E+
    454	      0D 0A 24
    455	2241  45 52 52 4F 52 3A	20+  MsgErrDOS	     DB	'ERROR:	Requires DOS 5.0 or higher for UMB support.',13,10,'$'
    456	      52 65 71 75 69 72	65+
Turbo Assembler	 Version 4.1	    04/04/26 20:56:31	    Page 9
DCEMLID.ASM



    457	      73 20 44 4F 53 20	35+
    458	      2E 30 20 6F 72 20	68+
    459	      69 67 68 65 72 20	66+
    460	      6F 72 20 55 4D 42	20+
    461	      73 75 70 70 6F 72	74+
    462	      2E 0D 0A 24
    463	2276  45 52 52 4F 52 3A	20+  MsgErrLSLVer    DB	'ERROR:	Incompatible LSL version. Requires LSL 2.x, found: $'
    464	      49 6E 63 6F 6D 70	61+
    465	      74 69 62 6C 65 20	4C+
    466	      53 4C 20 76 65 72	73+
    467	      69 6F 6E 2E 20 52	65+
    468	      71 75 69 72 65 73	20+
    469	      4C 53 4C 20 32 2E	78+
    470	      2C 20 66 6F 75 6E	64+
    471	      3A 20 24
    472
    473	22B1  44 65 74 65 63 74	69+  MsgDbgPort	     DB	'Detecting hardware at port $'
    474	      6E 67 20 68 61 72	64+
    475	      77 61 72 65 20 61	74+
    476	      20 70 6F 72 74 20	24
    477	22CD  20 6D 6F 64 65 3D	24   MsgDbgMode	     DB	' mode=$'
    478	22D4  53 45 52 49 41 4C	24   MsgDbgSerial    DB	'SERIAL$'
    479	22DB  50 41 52 34 24	     MsgDbgPar4	     DB	'PAR4$'
    480	22E0  50 41 52 38 24	     MsgDbgPar8	     DB	'PAR8$'
    481
    482	22E5  4C 43 52 20 70 6F	72+  MsgDbgLCR	     DB	'LCR port=$'
    483	      74 3D 24
    484	22EF  20 77 72 69 74 65	3D+  MsgDbgWrite     DB	' write=$'
    485	      24
    486	22F7  20 72 65 61 64 3D	24   MsgDbgRead	     DB	' read=$'
    487	22FE  20 4F 4B 0D 0A 24	     MsgDbgOK	     DB	' OK',13,10,'$'
    488	2304  20 46 41 49 4C 0D	0A+  MsgDbgFAIL	     DB	' FAIL',13,10,'$'
    489	      24
    490	230C  54 65 73 74 31 3A	24   MsgDbgTest1     DB	'Test1:$'
    491	2313  54 65 73 74 32 3A	24   MsgDbgTest2     DB	'Test2:$'
    492	231A  48 61 72 64 77 61	72+  MsgDbgHwInit    DB	'Hardware init OK',13,10,'$'
    493	      65 20 69 6E 69 74	20+
    494	      4F 4B 0D 0A 24
    495	232D  48 6F 6F 6B 69 6E	67+  MsgDbgHookIRQ   DB	'Hooking IRQ...$'
    496	      20 49 52 51 2E 2E	2E+
    497	      24
    498	233C  52 65 67 69 73 74	65+  MsgDbgRegLSL    DB	'Registering with LSL...$'
    499	      72 69 6E 67 20 77	69+
    500	      74 68 20 4C 53 4C	2E+
    501	      2E 2E 24
    502	2354  20 66 61 69 6C 65	64+  MsgDbgLSLFail   DB	' failed (AX=$'
    503	      20 28 41 58 3D 24
    504	2361  29 0D 0A 24	     MsgDbgLSLRet    DB	')',13,10,'$'
    505	2365  4C 53 4C 20 76 65	72+  MsgDbgLSLVer    DB	'LSL version=$'
    506	      73 69 6F 6E 3D 24
    507	2372  43 61 6C 6C 69 6E	67+  MsgDbgCallLSL   DB	'Calling LSL RegisterMLID...',13,10,'$'
    508	      20 4C 53 4C 20 52	65+
    509	      67 69 73 74 65 72	4D+
    510	      4C 49 44 2E 2E 2E	0D+
    511	      0A 24
    512
    513	2390  45 52 52 4F 52 3A	20+  MsgErrLSLReg    DB	'ERROR:	LSL registration failed.',13,10,'$'
Turbo Assembler	 Version 4.1	    04/04/26 20:56:31	    Page 10
DCEMLID.ASM



    514	      4C 53 4C 20 72 65	67+
    515	      69 73 74 72 61 74	69+
    516	      6F 6E 20 66 61 69	6C+
    517	      65 64 2E 0D 0A 24
    518
    519	23B2  44 72 69 76 65 72	20+  MsgUnloaded     DB	'Driver	unloaded successfully.',13,10,'$'
    520	      75 6E 6C 6F 61 64	65+
    521	      64 20 73 75 63 63	65+
    522	      73 73 66 75 6C 6C	79+
    523	      2E 0D 0A 24
    524	23D2  45 52 52 4F 52 3A	20+  MsgErrNotLoaded DB	'ERROR:	Driver not loaded.',13,10,'$'
    525	      44 72 69 76 65 72	20+
    526	      6E 6F 74 20 6C 6F	61+
    527	      64 65 64 2E 0D 0A	24
    528	23EE  45 52 52 4F 52 3A	20+  MsgErrBusy	     DB	'ERROR:	Driver busy, cannot unload.',13,10,'$'
    529	      44 72 69 76 65 72	20+
    530	      62 75 73 79 2C 20	63+
    531	      61 6E 6E 6F 74 20	75+
    532	      6E 6C 6F 61 64 2E	0D+
    533	      0A 24
    534	2413  45 52 52 4F 52 3A	20+  MsgErrNotLast   DB	'ERROR:	Another	TSR loaded after driver. Unload	it first.',13,10,'$'
    535	      41 6E 6F 74 68 65	72+
    536	      20 54 53 52 20 6C	6F+
    537	      61 64 65 64 20 61	66+
    538	      74 65 72 20 64 72	69+
    539	      76 65 72 2E 20 55	6E+
    540	      6C 6F 61 64 20 69	74+
    541	      20 66 69 72 73 74	2E+
    542	      0D 0A 24
    543
    544				     ; Unload helper variables (static,	not LOCAL for .COM compatibility)
    545	244E  0000		     Unload_TSRSeg	 DW 0
    546	2450  0000		     Unload_TSRBoardNum	 DW 0
    547	2452  0000		     Unload_TSRPort	 DW 0
    548	2454  00		     Unload_TSRMode	 DB 0
    549	2455  00		     Unload_TSRIRQNum	 DB 0
    550
    551				     ; Help Screen
    552	2456  0D 0A 44 43 45 4D	4C+  HelpText	     DB	13,10,'DCEMLID v1.00 - ODI MLID	Driver for Direct Cable	Connection',13,10
    553	      49 44 20 76 31 2E	30+
    554	      30 20 2D 20 4F 44	49+
    555	      20 4D 4C 49 44 20	44+
    556	      72 69 76 65 72 20	66+
    557	      6F 72 20 44 69 72	65+
    558	      63 74 20 43 61 62	6C+
    559	      65 20 43 6F 6E 6E	65+
    560	      63 74 69 6F 6E 0D	0A
    561	2495  0D 0A 55 73 61 67	65+		     DB	13,10,'Usage: DCEMLID [/D] [/V]	[/U] [/?]',13,10
    562	      3A 20 44 43 45 4D	4C+
    563	      49 44 20 5B 2F 44	5D+
    564	      20 5B 2F 56 5D 20	5B+
    565	      2F 55 5D 20 5B 2F	3F+
    566	      5D 0D 0A
    567	24BB  0D 0A 20 20 2F 44	20+		     DB	13,10,'	 /D  Enable debug output during	hardware detection',13,10
    568	      20 45 6E 61 62 6C	65+
    569	      20 64 65 62 75 67	20+
    570	      6F 75 74 70 75 74	20+
Turbo Assembler	 Version 4.1	    04/04/26 20:56:31	    Page 11
DCEMLID.ASM



    571	      64 75 72 69 6E 67	20+
    572	      68 61 72 64 77 61	72+
    573	      65 20 64 65 74 65	63+
    574	      74 69 6F 6E 0D 0A
    575	24F2  20 20 2F 56 20 20	56+		     DB	'  /V  Verbose mode - show live	statistics',13,10
    576	      65 72 62 6F 73 65	20+
    577	      6D 6F 64 65 20 2D	20+
    578	      73 68 6F 77 20 6C	69+
    579	      76 65 20 73 74 61	74+
    580	      69 73 74 69 63 73	0D+
    581	      0A
    582	251D  20 20 2F 55 20 20	55+		     DB	'  /U  Unload driver from memory',13,10
    583	      6E 6C 6F 61 64 20	64+
    584	      72 69 76 65 72 20	66+
    585	      72 6F 6D 20 6D 65	6D+
    586	      6F 72 79 0D 0A
    587	253E  20 20 2F 3F 20 20	53+		     DB	'  /?  Show this help',13,10
    588	      68 6F 77 20 74 68	69+
    589	      73 20 68 65 6C 70	0D+
    590	      0A
    591	2554  0D 0A 43 6F 6E 66	69+		     DB	13,10,'Configuration is	read from NET.CFG. Example:',13,10
    592	      67 75 72 61 74 69	6F+
    593	      6E 20 69 73 20 72	65+
    594	      61 64 20 66 72 6F	6D+
    595	      20 4E 45 54 2E 43	46+
    596	      47 2E 20 45 78 61	6D+
    597	      70 6C 65 3A 0D 0A
    598	2584  0D 0A 20 20 4C 69	6E+		     DB	13,10,'	 Link Driver DCEMLID',13,10
    599	      6B 20 44 72 69 76	65+
    600	      72 20 44 43 45 4D	4C+
    601	      49 44 0D 0A
    602	259D  20 20 20 20 20 50	4F+		     DB	'     PORT COM1		  ; or COM2, COM3, COM4	(from BIOS)',13,10
    603	      52 54 20 43 4F 4D	31+
    604	      20 20 20 20 20 20	20+
    605	      20 20 20 20 3B 20	6F+
    606	      72 20 43 4F 4D 32	2C+
    607	      20 43 4F 4D 33 2C	20+
    608	      43 4F 4D 34 20 28	66+
    609	      72 6F 6D 20 42 49	4F+
    610	      53 29 0D 0A
    611	25D9  20 20 20 20 20 50	4F+		     DB	'     PORT LPT1		  ; or LPT2, LPT3 (from	BIOS)',13,10
    612	      52 54 20 4C 50 54	31+
    613	      20 20 20 20 20 20	20+
    614	      20 20 20 20 3B 20	6F+
    615	      72 20 4C 50 54 32	2C+
    616	      20 4C 50 54 33 20	28+
    617	      66 72 6F 6D 20 42	49+
    618	      4F 53 29 0D 0A
    619	260F  20 20 20 20 20 50	4F+		     DB	'     PORT 3F8		  ; raw	hex address (manual detection)',13,10
    620	      52 54 20 33 46 38	20+
    621	      20 20 20 20 20 20	20+
    622	      20 20 20 20 3B 20	72+
    623	      61 77 20 68 65 78	20+
    624	      61 64 64 72 65 73	73+
    625	      20 28 6D 61 6E 75	61+
    626	      6C 20 64 65 74 65	63+
    627	      74 69 6F 6E 29 0D	0A
Turbo Assembler	 Version 4.1	    04/04/26 20:56:31	    Page 12
DCEMLID.ASM



    628	264E  20 20 20 20 20 49	4E+		     DB	'     INT 4',13,10
    629	      54 20 34 0D 0A
    630	265A  20 20 20 20 20 4D	4F+		     DB	'     MODE SERIAL',13,10
    631	      44 45 20 53 45 52	49+
    632	      41 4C 0D 0A
    633	266C  20 20 20 20 20 42	41+		     DB	'     BAUD 115200',13,10
    634	      55 44 20 31 31 35	32+
    635	      30 30 0D 0A
    636	267E  20 20 20 20 20 46	4C+		     DB	'     FLOW RTS',13,10
    637	      4F 57 20 52 54 53	0D+
    638	      0A
    639	268D  20 20 20 20 20 4E	4F+		     DB	'     NODE ADDRESS 02608C123456',13,10
    640	      44 45 20 41 44 44	52+
    641	      45 53 53 20 30 32	36+
    642	      30 38 43 31 32 33	34+
    643	      35 36 0D 0A
    644	26AD  0D 0A 46 6F 72 20	6D+		     DB	13,10,'For multiple instances, specify board number:',13,10
    645	      75 6C 74 69 70 6C	65+
    646	      20 69 6E 73 74 61	6E+
    647	      63 65 73 2C 20 73	70+
    648	      65 63 69 66 79 20	62+
    649	      6F 61 72 64 20 6E	75+
    650	      6D 62 65 72 3A 0D	0A
    651	26DE  20 20 4C 69 6E 6B	20+		     DB	'  Link	Driver DCEMLID 0',13,10
    652	      44 72 69 76 65 72	20+
    653	      44 43 45 4D 4C 49	44+
    654	      20 30 0D 0A
    655	26F7  20 20 4C 69 6E 6B	20+		     DB	'  Link	Driver DCEMLID 1',13,10
    656	      44 72 69 76 65 72	20+
    657	      44 43 45 4D 4C 49	44+
    658	      20 31 0D 0A
    659	2710  0D 0A 53 65 72 69	61+		     DB	13,10,'Serial Null-Modem Cable Wiring (DB9):',13,10
    660	      6C 20 4E 75 6C 6C	2D+
    661	      4D 6F 64 65 6D 20	43+
    662	      61 62 6C 65 20 57	69+
    663	      72 69 6E 67 20 28	44+
    664	      42 39 29 3A 0D 0A
    665	2739  20 20 48 61 72 64	77+		     DB	'  Hardware flow control:',13,10
    666	      61 72 65 20 66 6C	6F+
    667	      77 20 63 6F 6E 74	72+
    668	      6F 6C 3A 0D 0A
    669	2753  20 20 20 20 50 69	6E+		     DB	'    Pin 2 (RXD) -------- Pin 3	(TXD)',13,10
    670	      20 32 20 28 52 58	44+
    671	      29 20 2D 2D 2D 2D	2D+
    672	      2D 2D 2D 20 50 69	6E+
    673	      20 33 20 28 54 58	44+
    674	      29 0D 0A
    675	2779  20 20 20 20 50 69	6E+		     DB	'    Pin 3 (TXD) -------- Pin 2	(RXD)',13,10
    676	      20 33 20 28 54 58	44+
    677	      29 20 2D 2D 2D 2D	2D+
    678	      2D 2D 2D 20 50 69	6E+
    679	      20 32 20 28 52 58	44+
    680	      29 0D 0A
    681	279F  20 20 20 20 50 69	6E+		     DB	'    Pin 7 (RTS) -------- Pin 8	(CTS)',13,10
    682	      20 37 20 28 52 54	53+
    683	      29 20 2D 2D 2D 2D	2D+
    684	      2D 2D 2D 20 50 69	6E+
Turbo Assembler	 Version 4.1	    04/04/26 20:56:31	    Page 13
DCEMLID.ASM



    685	      20 38 20 28 43 54	53+
    686	      29 0D 0A
    687	27C5  20 20 20 20 50 69	6E+		     DB	'    Pin 8 (CTS) -------- Pin 7	(RTS)',13,10
    688	      20 38 20 28 43 54	53+
    689	      29 20 2D 2D 2D 2D	2D+
    690	      2D 2D 2D 20 50 69	6E+
    691	      20 37 20 28 52 54	53+
    692	      29 0D 0A
    693	27EB  20 20 20 20 50 69	6E+		     DB	'    Pin 5 (GND) -------- Pin 5	(GND)',13,10
    694	      20 35 20 28 47 4E	44+
    695	      29 20 2D 2D 2D 2D	2D+
    696	      2D 2D 2D 20 50 69	6E+
    697	      20 35 20 28 47 4E	44+
    698	      29 0D 0A
    699	2811  20 20 33 2D 77 69	72+		     DB	'  3-wire (software flow):',13,10
    700	      65 20 28 73 6F 66	74+
    701	      77 61 72 65 20 66	6C+
    702	      6F 77 29 3A 0D 0A
    703	282C  20 20 20 20 50 69	6E+		     DB	'    Pin 2 (RXD) -------- Pin 3	(TXD)',13,10
    704	      20 32 20 28 52 58	44+
    705	      29 20 2D 2D 2D 2D	2D+
    706	      2D 2D 2D 20 50 69	6E+
    707	      20 33 20 28 54 58	44+
    708	      29 0D 0A
    709	2852  20 20 20 20 50 69	6E+		     DB	'    Pin 3 (TXD) -------- Pin 2	(RXD)',13,10
    710	      20 33 20 28 54 58	44+
    711	      29 20 2D 2D 2D 2D	2D+
    712	      2D 2D 2D 20 50 69	6E+
    713	      20 32 20 28 52 58	44+
    714	      29 0D 0A
    715	2878  20 20 20 20 50 69	6E+		     DB	'    Pin 5 (GND) -------- Pin 5	(GND)',13,10
    716	      20 35 20 28 47 4E	44+
    717	      29 20 2D 2D 2D 2D	2D+
    718	      2D 2D 2D 20 50 69	6E+
    719	      20 35 20 28 47 4E	44+
    720	      29 0D 0A
    721	289E  0D 0A 50 61 72 61	6C+		     DB	13,10,'Parallel	Cable Wiring (DB25):',13,10
    722	      6C 65 6C 20 43 61	62+
    723	      6C 65 20 57 69 72	69+
    724	      6E 67 20 28 44 42	32+
    725	      35 29 3A 0D 0A
    726	28BF  20 20 34 2D 62 69	74+		     DB	'  4-bit mode: Use standard parallel cable',13,10
    727	      20 6D 6F 64 65 3A	20+
    728	      55 73 65 20 73 74	61+
    729	      6E 64 61 72 64 20	70+
    730	      61 72 61 6C 6C 65	6C+
    731	      20 63 61 62 6C 65	0D+
    732	      0A
    733	28EA  20 20 38 2D 62 69	74+		     DB	'  8-bit mode: Use EPP-capable cable or	PS/2 bidirectional',13,10
    734	      20 6D 6F 64 65 3A	20+
    735	      55 73 65 20 45 50	50+
    736	      2D 63 61 70 61 62	6C+
    737	      65 20 63 61 62 6C	65+
    738	      20 6F 72 20 50 53	2F+
    739	      32 20 62 69 64 69	72+
    740	      65 63 74 69 6F 6E	61+
    741	      6C 0D 0A
Turbo Assembler	 Version 4.1	    04/04/26 20:56:31	    Page 14
DCEMLID.ASM



    742	2925  0D 0A 24				     DB	13,10,'$'
    743
    744				     ; Command Line Options (only help and unload)
    745	2928  2F 55 00		     OptUnload	     DB	'/U',0
    746	292B  2F 3F 00		     OptHelp	     DB	'/?',0
    747	292E  2F 44 00		     OptDebug	     DB	'/D',0
    748
    749				     ; Baud Rate Table (divisor	values for 115200 base)
    750	      =0005		     BaudTableSize EQU 5		  ; Number of baud rate	entries
    751	2931			     BaudTable:
    752	2931  00002580			 DD 9600
    753	2935  000C			 DW 12			  ; 115200 / 12	= 9600
    754	2937  00004B00			 DD 19200
    755	293B  0006			 DW 6			  ; 115200 / 6 = 19200
    756	293D  00009600			 DD 38400
    757	2941  0003			 DW 3			  ; 115200 / 3 = 38400
    758	2943  0000E100			 DD 57600
    759	2947  0002			 DW 2			  ; 115200 / 2 = 57600
    760	2949  0001C200			 DD 115200
    761	294D  0001			 DW 1			  ; 115200 / 1 = 115200
    762	294F  00000000			 DD 0			  ; End	marker
    763
    764				     ;=============================================================================
    765				     ; Main Code Section
    766				     ;=============================================================================
    767
    768	2953			     Main:
    769					     ; All segment registers already point to CS in .COM file
    770					     ; (DOS sets CS=DS=ES=SS before running .COM)
    771
    772					 ; Display banner
    773	2953  BA 1F15r			 lea	 dx, MsgBanner
    774	2956  B4 09			 mov	 ah, 09h
    775	2958  CD 21			 int	 21h
    776
    777					 ; Parse command line options FIRST (before any	LSL interaction)
    778	295A  E8 003B			 call	 ParseCommandLine
    779
    780					 ; Check for help option - must	work even if driver not	loaded
    781	295D  80 3E 29F5r 01		 cmp	 byte ptr [CmdHelp], 1
    782	2962  74 28			 je	 ShowHelp
    783
    784					 ; Check for unload option - must work when driver IS loaded
    785	2964  80 3E 29F6r 01		 cmp	 byte ptr [CmdUnload], 1
    786	2969  75 03 E9 1BB5		 je	 UnloadDriver
    787
    788					 ; Get configuration from LSL/NET.CFG (only for	installation)
    789	296E  E8 008E			 call	 GetConfigFromLSL
    790	2971  72 14			 jc	 ExitError
    791
    792					 ; Install driver
    793	2973  E8 0524			 call	 InstallDriver
    794	2976  72 0F			 jc	 ExitError
    795
    796					 ; Stay	resident
    797	2978  B8 3100			 mov	 ax, 3100h	     ; TSR with	return code 0
    798	297B  BA 45B4			 mov	 dx, ResidentSize
Turbo Assembler	 Version 4.1	    04/04/26 20:56:31	    Page 15
DCEMLID.ASM



    799	297E  83 C2 0F			 add	 dx, 15
    800	2981  B1 04			 mov	 cl, 4
    801	2983  D3 EA			 shr	 dx, cl		     ; Convert bytes to	paragraphs
    802	2985  CD 21			 int	 21h
    803
    804	2987			     ExitError:
    805	2987  B8 4C01			 mov	 ax, 4C01h	     ; Exit with error code 1
    806	298A  CD 21			 int	 21h
    807
    808	298C			     ShowHelp:
    809	298C  BA 2456r			 lea	 dx, HelpText
    810	298F  B4 09			 mov	 ah, 09h
    811	2991  CD 21			 int	 21h
    812	2993  B8 4C00			 mov	 ax, 4C00h
    813	2996  CD 21			 int	 21h
    814
    815				     ;=============================================================================
    816				     ; ParseCommandLine	- Parse	command	line options only
    817				     ; Sets CmdHelp, CmdUnload,	CmdDebug flags
    818				     ;=============================================================================
    819
    820	2998			     ParseCommandLine PROC
    821	2998  50			 push	 ax
    822	2999  51			 push	 cx
    823	299A  56			 push	 si
    824
    825					 ; Get command line from PSP
    826	299B  BE 0080			 mov	 si, 80h
    827	299E  33 C9			 xor	 cx, cx
    828	29A0  8A 0C			 mov	 cl, [si]
    829	29A2  46			 inc	 si
    830	29A3  E3 4C			 jcxz	 ParseCmdDone
    831
    832	29A5			     ParseCmdLoop:
    833					 ; Skip	spaces
    834	29A5  E8 03B0			 call	 SkipSpaces
    835	29A8  E3 47			 jcxz	 ParseCmdDone
    836
    837					 ; Check for option marker
    838	29AA  80 3C 2F			 cmp	 byte ptr [si],	'/'
    839	29AD  75 3E			 jne	 ParseCmdNext
    840
    841					 ; Found option, check type
    842	29AF  46			 inc	 si
    843	29B0  49			 dec	 cx
    844	29B1  E3 3E			 jcxz	 ParseCmdDone
    845
    846	29B3  8A 04			 mov	 al, [si]
    847					 ; Convert to uppercase
    848	29B5  3C 61			 cmp	 al, 'a'
    849	29B7  72 06			 jb	 ParseCmdCheckOpt
    850	29B9  3C 7A			 cmp	 al, 'z'
    851	29BB  77 02			 ja	 ParseCmdCheckOpt
    852	29BD  2C 20			 sub	 al, 20h
    853
    854	29BF			     ParseCmdCheckOpt:
    855	29BF  3C 3F			 cmp	 al, '?'
Turbo Assembler	 Version 4.1	    04/04/26 20:56:31	    Page 16
DCEMLID.ASM



    856	29C1  74 0E			 je	 SetHelpFlag
    857	29C3  3C 55			 cmp	 al, 'U'
    858	29C5  74 11			 je	 SetUnloadFlag
    859	29C7  3C 44			 cmp	 al, 'D'
    860	29C9  74 14			 je	 SetDebugFlag
    861	29CB  3C 56			 cmp	 al, 'V'
    862	29CD  74 17			 je	 SetVerboseFlag
    863	29CF  EB 1C			 jmp	 ParseCmdNext
    864
    865	29D1			     SetHelpFlag:
    866	29D1  C6 06 29F5r 01		 mov	 CmdHelp, 1
    867	29D6  EB 15			 jmp	 ParseCmdNext
    868
    869	29D8			     SetUnloadFlag:
    870	29D8  C6 06 29F6r 01		 mov	 CmdUnload, 1
    871	29DD  EB 0E			 jmp	 ParseCmdNext
    872
    873	29DF			     SetDebugFlag:
    874	29DF  C6 06 29F7r 01		 mov	 CmdDebug, 1
    875	29E4  EB 07			 jmp	 ParseCmdNext
    876
    877	29E6			     SetVerboseFlag:
    878	29E6  C6 06 29F8r 01		 mov	 CmdVerbose, 1
    879	29EB  EB 00			 jmp	 ParseCmdNext
    880
    881	29ED			     ParseCmdNext:
    882	29ED  46			 inc	 si
    883	29EE  49			 dec	 cx
    884	29EF  75 B4			 jnz	 ParseCmdLoop
    885
    886	29F1			     ParseCmdDone:
    887	29F1  5E			 pop	 si
    888	29F2  59			 pop	 cx
    889	29F3  58			 pop	 ax
    890	29F4  C3			 ret
    891	29F5			     ParseCommandLine ENDP
    892
    893				     ;=============================================================================
    894				     ; GetConfigFromLSL	- Retrieve configuration from LSL/NET.CFG
    895				     ; Input: None
    896				     ; Output: CF=1 on error, CF=0 on success
    897				     ;=============================================================================
    898
    899	29F5  00		     CmdHelp	     DB	0
    900	29F6  00		     CmdUnload	     DB	0
    901	29F7  00		     CmdDebug	     DB	0
    902	29F8  00		     CmdVerbose	     DB	0
    903
    904				     ; Timer hook for verbose mode statistics
    905	29F9  0000		     OldInt1C_Off    DW	0
    906	29FB  0000		     OldInt1C_Seg    DW	0
    907	29FD  0000		     VerboseTicks    DW	0		 ; Counter for tick-based stats	display
    908	      =005A		     VERBOSE_INTERVAL EQU 18 * 5	 ; ~5 seconds (18 ticks/sec)
    909
    910	29FF			     GetConfigFromLSL PROC
    911	29FF  50			 push	 ax
    912	2A00  53			 push	 bx
Turbo Assembler	 Version 4.1	    04/04/26 20:56:31	    Page 17
DCEMLID.ASM



    913	2A01  51			 push	 cx
    914	2A02  52			 push	 dx
    915	2A03  56			 push	 si
    916	2A04  57			 push	 di
    917	2A05  06			 push	 es
    918
    919					 ; Initialize defaults
    920	2A06  C6 06 010Br 00		 mov	 CfgData.Mode, 0	     ; Serial
    921	2A0B  C7 06 010Cr 03F8		 mov	 CfgData.Port, 3F8h	     ; COM1
    922	2A11  C7 06 010Er C200		 mov	 word ptr CfgData.BaudRate, 0C200h     ; 115200	low word
    923	2A17  C7 06 0110r 0001		 mov	 word ptr CfgData.BaudRate+2, 1	       ; 115200	high word
    924	2A1D  C6 06 0112r 00		 mov	 CfgData.FlowCtrl, 0	     ; RTS/CTS
    925	2A22  C7 06 011Cr 0000		 mov	 CfgData.BoardNum, 0	     ; First instance
    926
    927					 ; Generate random MAC from BIOS timer (may be overridden)
    928	2A28  E8 03D6			 call	 GenerateRandomMAC
    929
    930					 ; Get board number from command line if specified
    931	2A2B  BE 0080			 mov	 si, 80h
    932	2A2E  33 C9			 xor	 cx, cx
    933	2A30  8A 0C			 mov	 cl, [si]
    934	2A32  46			 inc	 si
    935	2A33  E3 2A			 jcxz	 NoBoardNum
    936
    937					 ; Skip	spaces and options to find board number
    938	2A35  E8 0320			 call	 SkipSpaces
    939	2A38  E3 25			 jcxz	 NoBoardNum
    940
    941	2A3A			     ParseCmdArg:
    942					 ; Skip	options	(starting with /)
    943	2A3A  80 3C 2F			 cmp	 byte ptr [si],	'/'
    944	2A3D  75 0F			 jne	 TryBoardNum
    945					 ; Skip	this option
    946	2A3F  46			 inc	 si
    947	2A40  49			 dec	 cx
    948	2A41  E3 1C			 jcxz	 NoBoardNum
    949	2A43  46			 inc	 si
    950	2A44  49			 dec	 cx
    951	2A45  E3 18			 jcxz	 NoBoardNum
    952	2A47  E8 030E			 call	 SkipSpaces
    953	2A4A  E3 13			 jcxz	 NoBoardNum
    954	2A4C  EB EC			 jmp	 ParseCmdArg
    955
    956	2A4E			     TryBoardNum:
    957					 ; Parse board number (0-9)
    958	2A4E  8A 04			 mov	 al, [si]
    959	2A50  3C 30			 cmp	 al, '0'
    960	2A52  72 0B			 jb	 NoBoardNum
    961	2A54  3C 39			 cmp	 al, '9'
    962	2A56  77 07			 ja	 NoBoardNum
    963	2A58  2C 30			 sub	 al, '0'
    964	2A5A  32 E4			 xor	 ah, ah
    965	2A5C  A3 011Cr			 mov	 CfgData.BoardNum, ax
    966
    967	2A5F			     NoBoardNum:
    968					 ; Call	LSL to get configuration
    969					 ; AX =	LSL_GET_CONFIG (0xC003)
Turbo Assembler	 Version 4.1	    04/04/26 20:56:31	    Page 18
DCEMLID.ASM



    970					 ; BX =	Board number
    971					 ; ES:SI = Driver name
    972	2A5F  B8 C003			 mov	 ax, LSL_GET_CONFIG
    973	2A62  8B 1E 011Cr		 mov	 bx, CfgData.BoardNum
    974	2A66  1E			 push	 ds
    975	2A67  07			 pop	 es
    976	2A68  BE 0103r			 lea	 si, DRIVER_NAME
    977	2A6B  CD 2F			 int	 2Fh
    978
    979					 ; Check if configuration found
    980	2A6D  3C 00			 cmp	 al, 0
    981	2A6F  75 0E			 jne	 NoConfig
    982
    983					 ; ES:SI now points to configuration block from	NET.CFG
    984					 ; Parse configuration keywords
    985	2A71  E8 0017			 call	 ParseLSLConfig
    986	2A74  72 0C			 jc	 ConfigError
    987
    988	2A76			     ConfigDone:
    989	2A76  F8			 clc
    990	2A77  07			 pop	 es
    991	2A78  5F			 pop	 di
    992	2A79  5E			 pop	 si
    993	2A7A  5A			 pop	 dx
    994	2A7B  59			 pop	 cx
    995	2A7C  5B			 pop	 bx
    996	2A7D  58			 pop	 ax
    997	2A7E  C3			 ret
    998
    999	2A7F			     NoConfig:
   1000					 ; No configuration in NET.CFG,	use defaults
   1001	2A7F  F8			 clc
   1002	2A80  EB F4			 jmp	 ConfigDone
   1003
   1004	2A82			     ConfigError:
   1005	2A82  F9			 stc
   1006	2A83  07			 pop	 es
   1007	2A84  5F			 pop	 di
   1008	2A85  5E			 pop	 si
   1009	2A86  5A			 pop	 dx
   1010	2A87  59			 pop	 cx
   1011	2A88  5B			 pop	 bx
   1012	2A89  58			 pop	 ax
   1013	2A8A  C3			 ret
   1014	2A8B			     GetConfigFromLSL ENDP
   1015
   1016				     ;=============================================================================
   1017				     ; ParseLSLConfig -	Parse LSL configuration	block
   1018				     ; Input: ES:SI = configuration string from	LSL
   1019				     ; Output: CF=1 on error, CF=0 on success
   1020				     ;=============================================================================
   1021
   1022	2A8B			     ParseLSLConfig PROC
   1023	2A8B  50			 push	 ax
   1024	2A8C  53			 push	 bx
   1025	2A8D  51			 push	 cx
   1026	2A8E  52			 push	 dx
Turbo Assembler	 Version 4.1	    04/04/26 20:56:31	    Page 19
DCEMLID.ASM



   1027	2A8F  56			 push	 si
   1028	2A90  57			 push	 di
   1029
   1030					 ; Initialize length limit counter
   1031	2A91  B9 0200			 mov	 cx, MAX_CONFIG_LEN	 ; Maximum config string length
   1032
   1033	2A94			     ParseLSLLoop:
   1034					 ; Check length	limit to prevent runaway parsing
   1035	2A94  49			 dec	 cx
   1036	2A95  75 03 E9 01C7		 jz	 ParseLSLDone		 ; Limit reached - stop	parsing
   1037
   1038					 ; Check for end of configuration
   1039	2A9A  26: 8A 04			 mov	 al, es:[si]
   1040	2A9D  84 C0			 test	 al, al
   1041	2A9F  75 03 E9 01BD		 jz	 ParseLSLDone
   1042
   1043					 ; Skip	spaces
   1044	2AA4			     SkipLSLSpaces:
   1045	2AA4  26: 80 3C	20		 cmp	 byte ptr es:[si], ' '
   1046	2AA8  75 09			 jne	 NotSpace
   1047	2AAA  46			 inc	 si
   1048	2AAB  49			 dec	 cx			 ; Count skipped spaces
   1049	2AAC  75 03 E9 01B0		 jz	 ParseLSLDone
   1050	2AB1  EB F1			 jmp	 SkipLSLSpaces
   1051	2AB3			     NotSpace:
   1052
   1053					 ; Check for PORT keyword
   1054	2AB3  BF 1EA6r			 lea	 di, CfgKeyPort
   1055	2AB6  E8 01B0			 call	 CompareLSLKeyword
   1056	2AB9  74 47			 je	 ParseLSLPort
   1057
   1058					 ; Check for INT keyword
   1059	2ABB  BF 1EABr			 lea	 di, CfgKeyInt
   1060	2ABE  E8 01A8			 call	 CompareLSLKeyword
   1061	2AC1  75 03 E9 00B9		 je	 ParseLSLInt
   1062
   1063					 ; Check for MODE keyword
   1064	2AC6  BF 1EA1r			 lea	 di, CfgKeyMode
   1065	2AC9  E8 019D			 call	 CompareLSLKeyword
   1066	2ACC  75 03 E9 00BC		 je	 ParseLSLMode
   1067
   1068					 ; Check for BAUD keyword
   1069	2AD1  BF 1EAFr			 lea	 di, CfgKeyBaud
   1070	2AD4  E8 0192			 call	 CompareLSLKeyword
   1071	2AD7  75 03 E9 00F0		 je	 ParseLSLBaud
   1072
   1073					 ; Check for FLOW keyword
   1074	2ADC  BF 1EB4r			 lea	 di, CfgKeyFlow
   1075	2ADF  E8 0187			 call	 CompareLSLKeyword
   1076	2AE2  75 03 E9 00F9		 je	 ParseLSLFlow
   1077
   1078					 ; Check for NODE keyword
   1079	2AE7  BF 1EB9r			 lea	 di, CfgKeyNode
   1080	2AEA  E8 017C			 call	 CompareLSLKeyword
   1081	2AED  75 03 E9 0111		 je	 ParseLSLNode
   1082
   1083					 ; Check for FRAME keyword
Turbo Assembler	 Version 4.1	    04/04/26 20:56:31	    Page 20
DCEMLID.ASM



   1084	2AF2  BF 1EBEr			 lea	 di, CfgKeyFrame
   1085	2AF5  E8 0171			 call	 CompareLSLKeyword
   1086	2AF8  75 03 E9 011D		 je	 ParseLSLFrame
   1087
   1088					 ; Unknown keyword, skip to end	of line
   1089	2AFD  E8 022E			 call	 SkipToLSLEOL
   1090	2B00  EB 92			 jmp	 ParseLSLLoop
   1091
   1092	2B02			     ParseLSLPort:
   1093					 ; === Check for COMn /	LPTn symbolic names ===
   1094					 ; Read	first char
   1095	2B02  26: 8A 04			 mov	 al, es:[si]
   1096	2B05  E8 0266			 call	 ToUpper
   1097
   1098	2B08  3C 43			 cmp	 al, 'C'
   1099	2B0A  74 06			 je	 TryParseCOM
   1100	2B0C  3C 4C			 cmp	 al, 'L'
   1101	2B0E  74 2F			 je	 TryParseLPT
   1102	2B10  EB 5A			 jmp	 ParsePortHex	     ; Not COM or LPT, try hex
   1103
   1104	2B12			     TryParseCOM:
   1105					 ; Check for "OM" after	'C'
   1106	2B12  26: 8A 44	01		 mov	 al, es:[si+1]
   1107	2B16  E8 0255			 call	 ToUpper
   1108	2B19  3C 4F			 cmp	 al, 'O'
   1109	2B1B  75 4F			 jne	 ParsePortHex
   1110	2B1D  26: 8A 44	02		 mov	 al, es:[si+2]
   1111	2B21  E8 024A			 call	 ToUpper
   1112	2B24  3C 4D			 cmp	 al, 'M'
   1113	2B26  75 44			 jne	 ParsePortHex
   1114
   1115					 ; Get port number (1-4)
   1116	2B28  26: 8A 44	03		 mov	 al, es:[si+3]
   1117	2B2C  3C 31			 cmp	 al, '1'
   1118	2B2E  72 3C			 jb	 ParsePortHex
   1119	2B30  3C 34			 cmp	 al, '4'
   1120	2B32  77 38			 ja	 ParsePortHex
   1121
   1122					 ; Valid COM1-4, advance SI past "COMn"
   1123	2B34  83 C6 04			 add	 si, 4
   1124	2B37  2C 31			 sub	 al, '1'	     ; Convert '1'-'4' to 0-3
   1125	2B39  E8 02F7			 call	 LookupBDACOM
   1126	2B3C  E9 FF55			 jmp	 ParseLSLLoop
   1127
   1128	2B3F			     TryParseLPT:
   1129					 ; Check for "PT" after	'L'
   1130	2B3F  26: 8A 44	01		 mov	 al, es:[si+1]
   1131	2B43  E8 0228			 call	 ToUpper
   1132	2B46  3C 50			 cmp	 al, 'P'
   1133	2B48  75 22			 jne	 ParsePortHex
   1134	2B4A  26: 8A 44	02		 mov	 al, es:[si+2]
   1135	2B4E  E8 021D			 call	 ToUpper
   1136	2B51  3C 54			 cmp	 al, 'T'
   1137	2B53  75 17			 jne	 ParsePortHex
   1138
   1139					 ; Get port number (1-3)
   1140	2B55  26: 8A 44	03		 mov	 al, es:[si+3]
Turbo Assembler	 Version 4.1	    04/04/26 20:56:31	    Page 21
DCEMLID.ASM



   1141	2B59  3C 31			 cmp	 al, '1'
   1142	2B5B  72 0F			 jb	 ParsePortHex
   1143	2B5D  3C 33			 cmp	 al, '3'
   1144	2B5F  77 0B			 ja	 ParsePortHex
   1145
   1146					 ; Valid LPT1-3, advance SI past "LPTn"
   1147	2B61  83 C6 04			 add	 si, 4
   1148	2B64  2C 31			 sub	 al, '1'	     ; Convert '1'-'3' to 0-2
   1149	2B66  E8 02F9			 call	 LookupBDALPT
   1150	2B69  E9 FF28			 jmp	 ParseLSLLoop
   1151
   1152	2B6C			     ParsePortHex:
   1153					 ; Not a symbolic name,	parse as hex address (raw)
   1154	2B6C  E8 015F			 call	 ParseLSLHexValue
   1155	2B6F  73 03 E9 FF20		 jc	 ParseLSLLoop
   1156	2B74  A3 010Cr			 mov	 CfgData.Port, ax
   1157	2B77  C6 06 011Er 01		 mov	 CfgData.PortSource, 1	     ; Raw address
   1158	2B7C  E9 FF15			 jmp	 ParseLSLLoop
   1159
   1160	2B7F			     ParseLSLInt:
   1161	2B7F  E8 0168			 call	 ParseLSLDecValue
   1162	2B82  73 03 E9 FF0D		 jc	 ParseLSLLoop
   1163	2B87  A2 0119r			 mov	 CfgData.IRQNum, al
   1164	2B8A  E9 FF07			 jmp	 ParseLSLLoop
   1165
   1166	2B8D			     ParseLSLMode:
   1167	2B8D  BF 1EC4r			 lea	 di, CfgValSerial
   1168	2B90  E8 0101			 call	 CompareLSLValue
   1169	2B93  74 13			 je	 SetModeSerial
   1170	2B95  BF 1ECBr			 lea	 di, CfgValPar4
   1171	2B98  E8 00F9			 call	 CompareLSLValue
   1172	2B9B  74 13			 je	 SetModePar4
   1173	2B9D  BF 1ED0r			 lea	 di, CfgValPar8
   1174	2BA0  E8 00F1			 call	 CompareLSLValue
   1175	2BA3  74 19			 je	 SetModePar8
   1176	2BA5  E9 FEEC			 jmp	 ParseLSLLoop
   1177
   1178	2BA8			     SetModeSerial:
   1179	2BA8  C6 06 010Br 00		 mov	 CfgData.Mode, 0
   1180	2BAD  E9 FEE4			 jmp	 ParseLSLLoop
   1181
   1182	2BB0			     SetModePar4:
   1183	2BB0  C6 06 010Br 01		 mov	 CfgData.Mode, 1
   1184	2BB5  C7 06 010Cr 0378		 mov	 CfgData.Port, 378h	     ; Default LPT1
   1185	2BBB  E9 FED6			 jmp	 ParseLSLLoop
   1186
   1187	2BBE			     SetModePar8:
   1188	2BBE  C6 06 010Br 02		 mov	 CfgData.Mode, 2
   1189	2BC3  C7 06 010Cr 0378		 mov	 CfgData.Port, 378h	     ; Default LPT1
   1190	2BC9  E9 FEC8			 jmp	 ParseLSLLoop
   1191
   1192	2BCC			     ParseLSLBaud:
   1193	2BCC  E8 011B			 call	 ParseLSLDecValue
   1194	2BCF  73 03 E9 FEC0		 jc	 ParseLSLLoop
   1195	2BD4  A3 010Er			 mov	 word ptr CfgData.BaudRate, ax
   1196	2BD7  C7 06 0110r 0000		 mov	 word ptr CfgData.BaudRate+2, 0
   1197	2BDD  E9 FEB4			 jmp	 ParseLSLLoop
Turbo Assembler	 Version 4.1	    04/04/26 20:56:31	    Page 22
DCEMLID.ASM



   1198
   1199	2BE0			     ParseLSLFlow:
   1200	2BE0  BF 1ED5r			 lea	 di, CfgValRTS
   1201	2BE3  E8 00AE			 call	 CompareLSLValue
   1202	2BE6  74 0B			 je	 SetFlowRTS
   1203	2BE8  BF 1ED9r			 lea	 di, CfgValXON
   1204	2BEB  E8 00A6			 call	 CompareLSLValue
   1205	2BEE  74 0B			 je	 SetFlowXON
   1206	2BF0  E9 FEA1			 jmp	 ParseLSLLoop
   1207
   1208	2BF3			     SetFlowRTS:
   1209	2BF3  C6 06 0112r 00		 mov	 CfgData.FlowCtrl, 0
   1210	2BF8  E9 FE99			 jmp	 ParseLSLLoop
   1211
   1212	2BFB			     SetFlowXON:
   1213	2BFB  C6 06 0112r 01		 mov	 CfgData.FlowCtrl, 1
   1214	2C00  E9 FE91			 jmp	 ParseLSLLoop
   1215
   1216	2C03			     ParseLSLNode:
   1217					 ; Parse NODE ADDRESS xxxxxxxxxxxx (12 hex digits)
   1218					 ; Skip	"ADDRESS" keyword
   1219	2C03  E8 013B			 call	 SkipLSLWord
   1220					 ; Parse 12 hex	digits for MAC address
   1221	2C06  BF 0113r			 lea	 di, CfgData.MacAddr
   1222	2C09  B9 0006			 mov	 cx, 6
   1223	2C0C			     ParseLSLNodeLoop:
   1224	2C0C  E8 0102			 call	 ParseLSLHexByte
   1225	2C0F  73 03 E9 FE80		 jc	 ParseLSLLoop
   1226	2C14  AA			 stosb
   1227	2C15  E2 F5			 loop	 ParseLSLNodeLoop
   1228	2C17  E9 FE7A			 jmp	 ParseLSLLoop
   1229
   1230	2C1A			     ParseLSLFrame:
   1231					 ; Parse FRAME type value
   1232	2C1A  BF 1EDDr			 lea	 di, CfgVal8022
   1233	2C1D  E8 0074			 call	 CompareLSLValue
   1234	2C20  74 1B			 je	 SetFrame8022
   1235
   1236	2C22  BF 1EECr			 lea	 di, CfgVal8023
   1237	2C25  E8 006C			 call	 CompareLSLValue
   1238	2C28  74 1C			 je	 SetFrame8023
   1239
   1240	2C2A  BF 1EFBr			 lea	 di, CfgValEthII
   1241	2C2D  E8 0064			 call	 CompareLSLValue
   1242	2C30  74 1D			 je	 SetFrameEthII
   1243
   1244	2C32  BF 1F07r			 lea	 di, CfgValSNAP
   1245	2C35  E8 005C			 call	 CompareLSLValue
   1246	2C38  74 1E			 je	 SetFrameSNAP
   1247
   1248					 ; Unknown frame type -	ignore
   1249	2C3A  E9 FE57			 jmp	 ParseLSLLoop
   1250
   1251	2C3D			     SetFrame8022:
   1252	2C3D  C7 06 011Fr 0005		 mov	 CfgData.FrameType, 0005h    ; Ethernet	802.2
   1253	2C43  E9 FE4E			 jmp	 ParseLSLLoop
   1254
Turbo Assembler	 Version 4.1	    04/04/26 20:56:31	    Page 23
DCEMLID.ASM



   1255	2C46			     SetFrame8023:
   1256	2C46  C7 06 011Fr 0002		 mov	 CfgData.FrameType, 0002h    ; Ethernet	802.3
   1257	2C4C  E9 FE45			 jmp	 ParseLSLLoop
   1258
   1259	2C4F			     SetFrameEthII:
   1260	2C4F  C7 06 011Fr 0004		 mov	 CfgData.FrameType, 0004h    ; Ethernet	II
   1261	2C55  E9 FE3C			 jmp	 ParseLSLLoop
   1262
   1263	2C58			     SetFrameSNAP:
   1264	2C58  C7 06 011Fr 000A		 mov	 CfgData.FrameType, 000Ah    ; Ethernet	SNAP
   1265	2C5E  E9 FE33			 jmp	 ParseLSLLoop
   1266
   1267	2C61			     ParseLSLDone:
   1268	2C61  F8			 clc
   1269	2C62  5F			 pop	 di
   1270	2C63  5E			 pop	 si
   1271	2C64  5A			 pop	 dx
   1272	2C65  59			 pop	 cx
   1273	2C66  5B			 pop	 bx
   1274	2C67  58			 pop	 ax
   1275	2C68  C3			 ret
   1276	2C69			     ParseLSLConfig ENDP
   1277
   1278				     ; Helper: Compare keyword at ES:SI	with DS:DI
   1279	2C69			     CompareLSLKeyword PROC
   1280	2C69  56			 push	 si
   1281	2C6A  57			 push	 di
   1282	2C6B			     CompLSLKeyLoop:
   1283	2C6B  8A 05			 mov	 al, [di]
   1284	2C6D  84 C0			 test	 al, al
   1285	2C6F  74 13			 jz	 CompLSLKeyMatch
   1286	2C71  26: 8A 24			 mov	 ah, es:[si]
   1287	2C74  E8 00F7			 call	 ToUpper
   1288	2C77  86 C4			 xchg	 al, ah
   1289	2C79  E8 00F2			 call	 ToUpper
   1290	2C7C  3A C4			 cmp	 al, ah
   1291	2C7E  75 0F			 jne	 CompLSLKeyNoMatch
   1292	2C80  46			 inc	 si
   1293	2C81  47			 inc	 di
   1294	2C82  EB E7			 jmp	 CompLSLKeyLoop
   1295	2C84			     CompLSLKeyMatch:
   1296	2C84  5F			 pop	 di
   1297	2C85  5E			 pop	 si
   1298					 ; Advance SI past keyword
   1299	2C86  03 F7			 add	 si, di
   1300	2C88  81 EE 1EA1r		 sub	 si, offset CfgKeyMode
   1301	2C8C  32 C0			 xor	 al, al		     ; Set ZF
   1302	2C8E  C3			 ret
   1303	2C8F			     CompLSLKeyNoMatch:
   1304	2C8F  5F			 pop	 di
   1305	2C90  5E			 pop	 si
   1306	2C91  0C 01			 or	 al, 1		     ; Clear ZF
   1307	2C93  C3			 ret
   1308	2C94			     CompareLSLKeyword ENDP
   1309
   1310				     ; Helper: Compare value at	ES:SI with DS:DI
   1311	2C94			     CompareLSLValue PROC
Turbo Assembler	 Version 4.1	    04/04/26 20:56:31	    Page 24
DCEMLID.ASM



   1312	2C94  56			 push	 si
   1313	2C95  57			 push	 di
   1314	2C96			     CompLSLValLoop:
   1315	2C96  8A 05			 mov	 al, [di]
   1316	2C98  84 C0			 test	 al, al
   1317	2C9A  74 22			 jz	 CompLSLValMatch
   1318	2C9C  26: 8A 24			 mov	 ah, es:[si]
   1319	2C9F  80 FC 20			 cmp	 ah, ' '
   1320	2CA2  74 1A			 je	 CompLSLValMatch
   1321	2CA4  80 FC 0D			 cmp	 ah, 13
   1322	2CA7  74 15			 je	 CompLSLValMatch
   1323	2CA9  80 FC 0A			 cmp	 ah, 10
   1324	2CAC  74 10			 je	 CompLSLValMatch
   1325	2CAE  E8 00BD			 call	 ToUpper
   1326	2CB1  86 C4			 xchg	 al, ah
   1327	2CB3  E8 00B8			 call	 ToUpper
   1328	2CB6  3A C4			 cmp	 al, ah
   1329	2CB8  75 0F			 jne	 CompLSLValNoMatch
   1330	2CBA  46			 inc	 si
   1331	2CBB  47			 inc	 di
   1332	2CBC  EB D8			 jmp	 CompLSLValLoop
   1333	2CBE			     CompLSLValMatch:
   1334	2CBE  5F			 pop	 di
   1335	2CBF  5E			 pop	 si
   1336	2CC0  03 F7			 add	 si, di
   1337	2CC2  81 EE 1EC4r		 sub	 si, offset CfgValSerial
   1338	2CC6  32 C0			 xor	 al, al
   1339	2CC8  C3			 ret
   1340	2CC9			     CompLSLValNoMatch:
   1341	2CC9  5F			 pop	 di
   1342	2CCA  5E			 pop	 si
   1343	2CCB  0C 01			 or	 al, 1
   1344	2CCD  C3			 ret
   1345	2CCE			     CompareLSLValue ENDP
   1346
   1347				     ; Helper: Parse hex value from ES:SI
   1348	2CCE			     ParseLSLHexValue PROC
   1349	2CCE  53			 push	 bx
   1350	2CCF  33 DB			 xor	 bx, bx
   1351	2CD1  B9 0004			 mov	 cx, 4
   1352	2CD4			     ParseLSLHexLoop:
   1353	2CD4  26: 8A 04			 mov	 al, es:[si]
   1354	2CD7  E8 00E1			 call	 HexDigitToValue
   1355	2CDA  72 09			 jc	 ParseLSLHexDone
   1356	2CDC  B1 04			 mov	 cl, 4
   1357	2CDE  D3 E3			 shl	 bx, cl
   1358	2CE0  0A D8			 or	 bl, al
   1359	2CE2  46			 inc	 si
   1360	2CE3  E2 EF			 loop	 ParseLSLHexLoop
   1361	2CE5			     ParseLSLHexDone:
   1362	2CE5  8B C3			 mov	 ax, bx
   1363	2CE7  F8			 clc
   1364	2CE8  5B			 pop	 bx
   1365	2CE9  C3			 ret
   1366	2CEA			     ParseLSLHexValue ENDP
   1367
   1368				     ; Helper: Parse decimal value from	ES:SI
Turbo Assembler	 Version 4.1	    04/04/26 20:56:31	    Page 25
DCEMLID.ASM



   1369	2CEA			     ParseLSLDecValue PROC
   1370	2CEA  53			 push	 bx
   1371	2CEB  52			 push	 dx
   1372	2CEC  33 DB			 xor	 bx, bx
   1373	2CEE			     ParseLSLDecLoop:
   1374	2CEE  26: 8A 04			 mov	 al, es:[si]
   1375	2CF1  3C 30			 cmp	 al, '0'
   1376	2CF3  72 16			 jb	 ParseLSLDecDone
   1377	2CF5  3C 39			 cmp	 al, '9'
   1378	2CF7  77 12			 ja	 ParseLSLDecDone
   1379	2CF9  2C 30			 sub	 al, '0'
   1380	2CFB  BA 000A			 mov	 dx, 10
   1381	2CFE  50			 push	 ax
   1382	2CFF  8B C3			 mov	 ax, bx
   1383	2D01  F7 E2			 mul	 dx
   1384	2D03  8B D8			 mov	 bx, ax
   1385	2D05  58			 pop	 ax
   1386	2D06  03 D8			 add	 bx, ax
   1387	2D08  46			 inc	 si
   1388	2D09  EB E3			 jmp	 ParseLSLDecLoop
   1389	2D0B			     ParseLSLDecDone:
   1390	2D0B  8B C3			 mov	 ax, bx
   1391	2D0D  F8			 clc
   1392	2D0E  5A			 pop	 dx
   1393	2D0F  5B			 pop	 bx
   1394	2D10  C3			 ret
   1395	2D11			     ParseLSLDecValue ENDP
   1396
   1397				     ; Helper: Parse hex byte from ES:SI
   1398	2D11			     ParseLSLHexByte PROC
   1399	2D11  53			 push	 bx
   1400	2D12  32 E4			 xor	 ah, ah
   1401	2D14  B3 02			 mov	 bl, 2
   1402	2D16			     ParseLSLHexByteLoop:
   1403	2D16  26: 8A 04			 mov	 al, es:[si]
   1404	2D19  E8 009F			 call	 HexDigitToValue
   1405	2D1C  72 0B			 jc	 ParseLSLHexByteDone
   1406	2D1E  B1 04			 mov	 cl, 4
   1407	2D20  D2 E4			 shl	 ah, cl
   1408	2D22  0A E0			 or	 ah, al
   1409	2D24  46			 inc	 si
   1410	2D25  FE CB			 dec	 bl
   1411	2D27  75 ED			 jnz	 ParseLSLHexByteLoop
   1412	2D29			     ParseLSLHexByteDone:
   1413	2D29  8A C4			 mov	 al, ah
   1414	2D2B  F8			 clc
   1415	2D2C  5B			 pop	 bx
   1416	2D2D  C3			 ret
   1417	2D2E			     ParseLSLHexByte ENDP
   1418
   1419				     ; Helper: Skip to end of line
   1420	2D2E			     SkipToLSLEOL PROC
   1421	2D2E			     SkipLSLEOLLoop:
   1422	2D2E  26: 8A 04			 mov	 al, es:[si]
   1423	2D31  3C 0D			 cmp	 al, 13
   1424	2D33  74 0B			 je	 SkipLSLEOLDone
   1425	2D35  3C 0A			 cmp	 al, 10
Turbo Assembler	 Version 4.1	    04/04/26 20:56:31	    Page 26
DCEMLID.ASM



   1426	2D37  74 07			 je	 SkipLSLEOLDone
   1427	2D39  84 C0			 test	 al, al
   1428	2D3B  74 03			 jz	 SkipLSLEOLDone
   1429	2D3D  46			 inc	 si
   1430	2D3E  EB EE			 jmp	 SkipLSLEOLLoop
   1431	2D40			     SkipLSLEOLDone:
   1432	2D40  C3			 ret
   1433	2D41			     SkipToLSLEOL ENDP
   1434
   1435				     ; Helper: Skip one	word
   1436	2D41			     SkipLSLWord PROC
   1437	2D41			     SkipLSLWordLoop:
   1438	2D41  26: 8A 04			 mov	 al, es:[si]
   1439	2D44  3C 20			 cmp	 al, ' '
   1440	2D46  74 0F			 je	 SkipLSLWordDone
   1441	2D48  3C 0D			 cmp	 al, 13
   1442	2D4A  74 0B			 je	 SkipLSLWordDone
   1443	2D4C  3C 0A			 cmp	 al, 10
   1444	2D4E  74 07			 je	 SkipLSLWordDone
   1445	2D50  84 C0			 test	 al, al
   1446	2D52  74 03			 jz	 SkipLSLWordDone
   1447	2D54  46			 inc	 si
   1448	2D55  EB EA			 jmp	 SkipLSLWordLoop
   1449	2D57			     SkipLSLWordDone:
   1450	2D57  C3			 ret
   1451	2D58			     SkipLSLWord ENDP
   1452
   1453				     ;=============================================================================
   1454				     ; Helper Procedures for Command Line Parsing
   1455				     ;=============================================================================
   1456
   1457	2D58			     SkipSpaces	PROC
   1458	2D58  E3 08			 jcxz	 SkipSpacesDone
   1459	2D5A			     SkipSpacesLoop:
   1460	2D5A  80 3C 20			 cmp	 byte ptr [si],	' '
   1461	2D5D  75 03			 jne	 SkipSpacesDone
   1462	2D5F  46			 inc	 si
   1463	2D60  E2 F8			 loop	 SkipSpacesLoop
   1464	2D62			     SkipSpacesDone:
   1465	2D62  C3			 ret
   1466	2D63			     SkipSpaces	ENDP
   1467
   1468	2D63			     SkipToSpace PROC
   1469	2D63  E3 08			 jcxz	 SkipToSpaceDone
   1470	2D65			     SkipToSpaceLoop:
   1471	2D65  80 3C 20			 cmp	 byte ptr [si],	' '
   1472	2D68  74 03			 je	 SkipToSpaceDone
   1473	2D6A  46			 inc	 si
   1474	2D6B  E2 F8			 loop	 SkipToSpaceLoop
   1475	2D6D			     SkipToSpaceDone:
   1476	2D6D  C3			 ret
   1477	2D6E			     SkipToSpace ENDP
   1478
   1479	2D6E			     ToUpper PROC
   1480					 ; Convert AL to uppercase
   1481	2D6E  3C 61			 cmp	 al, 'a'
   1482	2D70  72 06			 jb	 ToUpperDone
Turbo Assembler	 Version 4.1	    04/04/26 20:56:31	    Page 27
DCEMLID.ASM



   1483	2D72  3C 7A			 cmp	 al, 'z'
   1484	2D74  77 02			 ja	 ToUpperDone
   1485	2D76  2C 20			 sub	 al, 20h
   1486	2D78			     ToUpperDone:
   1487	2D78  C3			 ret
   1488	2D79			     ToUpper ENDP
   1489
   1490	2D79			     ParseHexWord PROC
   1491					 ; Parse hex word at SI, return	in AX
   1492					 ; Updates SI and CX
   1493	2D79  53			 push	 bx
   1494	2D7A  52			 push	 dx
   1495	2D7B  33 C0			 xor	 ax, ax
   1496	2D7D  33 DB			 xor	 bx, bx
   1497	2D7F  B2 04			 mov	 dl, 4		     ; Max 4 hex digits
   1498	2D81			     ParseHexLoop:
   1499	2D81  8A 04			 mov	 al, [si]
   1500	2D83  E8 0035			 call	 HexDigitToValue
   1501	2D86  72 0E			 jc	 ParseHexDone
   1502
   1503	2D88  51			 push	 cx		 ; Save	outer loop counter
   1504	2D89  B1 04			 mov	 cl, 4
   1505	2D8B  D3 E3			 shl	 bx, cl
   1506	2D8D  59			 pop	 cx		 ; Restore outer loop counter
   1507	2D8E  0A D8			 or	 bl, al
   1508	2D90  46			 inc	 si
   1509	2D91  49			 dec	 cx
   1510	2D92  FE CA			 dec	 dl
   1511	2D94  75 EB			 jnz	 ParseHexLoop
   1512
   1513	2D96			     ParseHexDone:
   1514	2D96  8B C3			 mov	 ax, bx
   1515	2D98  F8			 clc
   1516	2D99  5A			 pop	 dx
   1517	2D9A  5B			 pop	 bx
   1518	2D9B  C3			 ret
   1519	2D9C			     ParseHexWord ENDP
   1520
   1521	2D9C			     ParseHexByte PROC
   1522					 ; Parse hex byte at SI, return	in AL
   1523	2D9C  53			 push	 bx
   1524	2D9D  33 DB			 xor	 bx, bx
   1525	2D9F  B3 02			 mov	 bl, 2		     ; Max 2 hex digits
   1526	2DA1			     ParseHexByteLoop:
   1527	2DA1  8A 04			 mov	 al, [si]
   1528	2DA3  E8 0015			 call	 HexDigitToValue
   1529	2DA6  72 0E			 jc	 ParseHexByteDone
   1530
   1531	2DA8  51			 push	 cx		 ; Save	outer loop counter
   1532	2DA9  B1 04			 mov	 cl, 4
   1533	2DAB  D2 E4			 shl	 ah, cl
   1534	2DAD  59			 pop	 cx		 ; Restore outer loop counter
   1535	2DAE  0A E0			 or	 ah, al
   1536	2DB0  46			 inc	 si
   1537	2DB1  49			 dec	 cx
   1538	2DB2  FE CB			 dec	 bl
   1539	2DB4  75 EB			 jnz	 ParseHexByteLoop
Turbo Assembler	 Version 4.1	    04/04/26 20:56:31	    Page 28
DCEMLID.ASM



   1540
   1541	2DB6			     ParseHexByteDone:
   1542	2DB6  8A C4			 mov	 al, ah
   1543	2DB8  F8			 clc
   1544	2DB9  5B			 pop	 bx
   1545	2DBA  C3			 ret
   1546	2DBB			     ParseHexByte ENDP
   1547
   1548	2DBB			     HexDigitToValue PROC
   1549					 ; Convert hex digit in	AL to value (0-15)
   1550					 ; CF=1	if not a hex digit
   1551	2DBB  3C 30			 cmp	 al, '0'
   1552	2DBD  72 17			 jb	 HexNotDigit
   1553	2DBF  3C 39			 cmp	 al, '9'
   1554	2DC1  76 0F			 jbe	 HexIsDigit
   1555	2DC3  E8 FFA8			 call	 ToUpper
   1556	2DC6  3C 41			 cmp	 al, 'A'
   1557	2DC8  72 0C			 jb	 HexNotDigit
   1558	2DCA  3C 46			 cmp	 al, 'F'
   1559	2DCC  77 08			 ja	 HexNotDigit
   1560	2DCE  2C 37			 sub	 al, 'A' - 10
   1561	2DD0  F8			 clc
   1562	2DD1  C3			 ret
   1563	2DD2			     HexIsDigit:
   1564	2DD2  2C 30			 sub	 al, '0'
   1565	2DD4  F8			 clc
   1566	2DD5  C3			 ret
   1567	2DD6			     HexNotDigit:
   1568	2DD6  F9			 stc
   1569	2DD7  C3			 ret
   1570	2DD8			     HexDigitToValue ENDP
   1571
   1572	2DD8			     ParseDecWord PROC
   1573					 ; Parse decimal word at SI, return in AX
   1574	2DD8  53			 push	 bx
   1575	2DD9  52			 push	 dx
   1576	2DDA  33 C0			 xor	 ax, ax
   1577	2DDC  33 DB			 xor	 bx, bx
   1578	2DDE			     ParseDecLoop:
   1579	2DDE  8A 04			 mov	 al, [si]
   1580	2DE0  3C 30			 cmp	 al, '0'
   1581	2DE2  72 17			 jb	 ParseDecDone
   1582	2DE4  3C 39			 cmp	 al, '9'
   1583	2DE6  77 13			 ja	 ParseDecDone
   1584
   1585	2DE8  2C 30			 sub	 al, '0'
   1586	2DEA  BA 000A			 mov	 dx, 10
   1587	2DED  50			 push	 ax
   1588	2DEE  8B C3			 mov	 ax, bx
   1589	2DF0  F7 E2			 mul	 dx
   1590	2DF2  8B D8			 mov	 bx, ax
   1591	2DF4  58			 pop	 ax
   1592	2DF5  03 D8			 add	 bx, ax
   1593
   1594	2DF7  46			 inc	 si
   1595	2DF8  49			 dec	 cx
   1596	2DF9  75 E3			 jnz	 ParseDecLoop
Turbo Assembler	 Version 4.1	    04/04/26 20:56:31	    Page 29
DCEMLID.ASM



   1597
   1598	2DFB			     ParseDecDone:
   1599	2DFB  8B C3			 mov	 ax, bx
   1600	2DFD  F8			 clc
   1601	2DFE  5A			 pop	 dx
   1602	2DFF  5B			 pop	 bx
   1603	2E00  C3			 ret
   1604	2E01			     ParseDecWord ENDP
   1605
   1606	2E01			     GenerateRandomMAC PROC
   1607					 ; Generate random MAC using BIOS timer	tick
   1608	2E01  06			 push	 es
   1609	2E02  33 C0			 xor	 ax, ax
   1610	2E04  8E C0			 mov	 es, ax
   1611	2E06  26: A1 046C		 mov	 ax, es:[046Ch]	     ; BIOS timer tick low word
   1612	2E0A  88 26 0113r		 mov	 CfgData.MacAddr[0], ah
   1613	2E0E  A2 0114r			 mov	 CfgData.MacAddr[1], al
   1614	2E11  26: A1 046E		 mov	 ax, es:[046Eh]	     ; BIOS timer tick high word
   1615	2E15  88 26 0115r		 mov	 CfgData.MacAddr[2], ah
   1616	2E19  A2 0116r			 mov	 CfgData.MacAddr[3], al
   1617
   1618					 ; Add some entropy from other BIOS data area values
   1619	2E1C  26: A1 0040		 mov	 ax, es:[0040h]
   1620	2E20  88 26 0117r		 mov	 CfgData.MacAddr[4], ah
   1621	2E24  A2 0118r			 mov	 CfgData.MacAddr[5], al
   1622
   1623					 ; Ensure locally administered,	unicast	MAC
   1624	2E27  80 26 0113r FE		 and	 CfgData.MacAddr[0], 0FEh
   1625	2E2C  80 0E 0113r 02		 or	 CfgData.MacAddr[0], 02h
   1626
   1627	2E31  07			 pop	 es
   1628	2E32  C3			 ret
   1629	2E33			     GenerateRandomMAC ENDP
   1630
   1631				     ;=============================================================================
   1632				     ; LookupBDACOM - Look up COM port address from BIOS Data Area
   1633				     ; Input: AL = port	index (0=COM1, 1=COM2, 2=COM3, 3=COM4)
   1634				     ; Output: CfgData.Port set, CfgData.PortSource=0 if found
   1635				     ;	       CF=1 if port not	present	in BDA
   1636				     ;=============================================================================
   1637
   1638	2E33			     LookupBDACOM PROC
   1639	2E33  06			 push	 es
   1640	2E34  53			 push	 bx
   1641
   1642					 ; BDA segment
   1643	2E35  33 DB			 xor	 bx, bx
   1644	2E37  8E C3			 mov	 es, bx
   1645
   1646					 ; COM ports at	0040:0000 (2 bytes each)
   1647	2E39  32 E4			 xor	 ah, ah
   1648	2E3B  D0 E0			 shl	 al, 1		     ; Multiply	index by 2
   1649	2E3D  BB 0400			 mov	 bx, 0400h	     ; BDA COM port base
   1650	2E40  03 D8			 add	 bx, ax
   1651
   1652	2E42  26: 8B 07			 mov	 ax, es:[bx]	     ; Get port	address
   1653	2E45  85 C0			 test	 ax, ax
Turbo Assembler	 Version 4.1	    04/04/26 20:56:31	    Page 30
DCEMLID.ASM



   1654	2E47  74 0C			 jz	 BDACOMNotFound
   1655
   1656	2E49  A3 010Cr			 mov	 CfgData.Port, ax
   1657	2E4C  C6 06 011Er 00		 mov	 CfgData.PortSource, 0	 ; From	BDA
   1658	2E51  F8			 clc
   1659	2E52  5B			 pop	 bx
   1660	2E53  07			 pop	 es
   1661	2E54  C3			 ret
   1662
   1663	2E55			     BDACOMNotFound:
   1664					 ; Port	not present, print error
   1665	2E55  52			 push	 dx
   1666	2E56  BA 2214r			 lea	 dx, MsgErrBDAPort
   1667	2E59  B4 09			 mov	 ah, 09h
   1668	2E5B  CD 21			 int	 21h
   1669	2E5D  5A			 pop	 dx
   1670	2E5E  F9			 stc
   1671	2E5F  5B			 pop	 bx
   1672	2E60  07			 pop	 es
   1673	2E61  C3			 ret
   1674	2E62			     LookupBDACOM ENDP
   1675
   1676				     ;=============================================================================
   1677				     ; LookupBDALPT - Look up LPT port address from BIOS Data Area
   1678				     ; Input: AL = port	index (0=LPT1, 1=LPT2, 2=LPT3)
   1679				     ; Output: CfgData.Port set, CfgData.PortSource=0 if found
   1680				     ;	       CF=1 if port not	present	in BDA
   1681				     ;=============================================================================
   1682
   1683	2E62			     LookupBDALPT PROC
   1684	2E62  06			 push	 es
   1685	2E63  53			 push	 bx
   1686
   1687					 ; BDA segment
   1688	2E64  33 DB			 xor	 bx, bx
   1689	2E66  8E C3			 mov	 es, bx
   1690
   1691					 ; LPT ports at	0040:0008 (2 bytes each)
   1692	2E68  32 E4			 xor	 ah, ah
   1693	2E6A  D0 E0			 shl	 al, 1		     ; Multiply	index by 2
   1694	2E6C  BB 0408			 mov	 bx, 0408h	     ; BDA LPT port base
   1695	2E6F  03 D8			 add	 bx, ax
   1696
   1697	2E71  26: 8B 07			 mov	 ax, es:[bx]	     ; Get port	address
   1698	2E74  85 C0			 test	 ax, ax
   1699	2E76  74 0C			 jz	 BDALPTNotFound
   1700
   1701	2E78  A3 010Cr			 mov	 CfgData.Port, ax
   1702	2E7B  C6 06 011Er 00		 mov	 CfgData.PortSource, 0	 ; From	BDA
   1703	2E80  F8			 clc
   1704	2E81  5B			 pop	 bx
   1705	2E82  07			 pop	 es
   1706	2E83  C3			 ret
   1707
   1708	2E84			     BDALPTNotFound:
   1709					 ; Port	not present, print error
   1710	2E84  52			 push	 dx
Turbo Assembler	 Version 4.1	    04/04/26 20:56:31	    Page 31
DCEMLID.ASM



   1711	2E85  BA 2214r			 lea	 dx, MsgErrBDAPort
   1712	2E88  B4 09			 mov	 ah, 09h
   1713	2E8A  CD 21			 int	 21h
   1714	2E8C  5A			 pop	 dx
   1715	2E8D  F9			 stc
   1716	2E8E  5B			 pop	 bx
   1717	2E8F  07			 pop	 es
   1718	2E90  C3			 ret
   1719	2E91			     LookupBDALPT ENDP
   1720
   1721				     ;=============================================================================
   1722				     ; IODelay - Small delay for I/O register settling
   1723				     ; Executes	~4-8 CPU cycles	delay using JMP	$+2 technique
   1724				     ;=============================================================================
   1725
   1726	2E91			     IODelay PROC
   1727	2E91  EB 00			 jmp	 short $+2	     ; 2 cycles
   1728	2E93  EB 00			 jmp	 short $+2	     ; 2 cycles
   1729	2E95  EB 00			 jmp	 short $+2	     ; 2 cycles
   1730	2E97  EB 00			 jmp	 short $+2	     ; 2 cycles
   1731	2E99  C3			 ret
   1732	2E9A			     IODelay ENDP
   1733
   1734				     ;=============================================================================
   1735				     ; InstallDriver - Main driver installation	routine
   1736				     ; Output: CF=1 on error
   1737				     ;=============================================================================
   1738
   1739	2E9A			     InstallDriver PROC
   1740					 ; Check if already loaded
   1741	2E9A  B8 C0A0			 mov	 ax, MULTIPLEX_ID
   1742	2E9D  CD 2F			 int	 2Fh
   1743	2E9F  3C FF			 cmp	 al, 0FFh
   1744	2EA1  75 03 E9 00D0		 je	 AlreadyLoaded
   1745
   1746					 ; Check if LSL	is loaded
   1747	2EA6  B8 C000			 mov	 ax, LSL_CHECK
   1748	2EA9  CD 2F			 int	 2Fh
   1749	2EAB  3C FF			 cmp	 al, 0FFh
   1750	2EAD  74 03 E9 00CD		 jne	 LSLNotLoaded
   1751
   1752					 ; LSL 2.x returns:
   1753					 ; AL =	FFh (loaded)
   1754					 ; ES:BX = pointer to LSL function table (entry	point)
   1755					 ; CX or DX may	contain	version	in some	implementations
   1756					 ;
   1757					 ; Save	registers immediately before any debug code modifies them
   1758	2EB2  8C 06 019Ar		 mov	 LSLEntrySeg, es
   1759	2EB6  89 1E 0198r		 mov	 LSLEntryOff, bx
   1760
   1761					 ; For LSL 2.x,	ES:BX IS the entry point (function table)
   1762					 ; Skip	version	detection - we verified	LSL is loaded (AL=FFh)
   1763					 ; Version checking removed since we can't reliably detect it
   1764	2EBA  C7 06 019Cr 0200		 mov	 LSLVersion, 0200h   ; Assume 2.0 compatible
   1765
   1766					 ; Skip	version	check -	we assume LSL is compatible if it responds to C000h
   1767					 ; Version detection is	unreliable across different LSL	implementations
Turbo Assembler	 Version 4.1	    04/04/26 20:56:31	    Page 32
DCEMLID.ASM



   1768
   1769					 ; Check DOS version for UMB support
   1770	2EC0  B4 30			 mov	 ah, 30h
   1771	2EC2  CD 21			 int	 21h
   1772	2EC4  3C 05			 cmp	 al, 5
   1773	2EC6  73 03 E9 00BD		 jb	 DOSTooOld
   1774
   1775					 ; Print settings before hardware detection
   1776	2ECB  E8 15A5			 call	 PrintDetectionInfo
   1777
   1778					 ; Initialize hardware based on	mode
   1779	2ECE  80 3E 010Br 00		 cmp	 CfgData.Mode, 0
   1780	2ED3  74 10			 je	 InitSerial
   1781	2ED5  80 3E 010Br 01		 cmp	 CfgData.Mode, 1
   1782	2EDA  74 23			 je	 InitParallel
   1783	2EDC  80 3E 010Br 02		 cmp	 CfgData.Mode, 2
   1784	2EE1  74 1C			 je	 InitParallel
   1785
   1786					 ; Invalid mode
   1787	2EE3  F9			 stc
   1788	2EE4  C3			 ret
   1789
   1790	2EE5			     InitSerial:
   1791	2EE5  E8 0110			 call	 InitSerialPort
   1792	2EE8  73 03 E9 00CB		 jc	 InitError
   1793
   1794					 ; Debug: hardware init	completed
   1795	2EED  80 3E 29F7r 01		 cmp	 CmdDebug, 1
   1796	2EF2  75 09			 jne	 SkipDbgHwInit
   1797	2EF4  52			 push	 dx
   1798	2EF5  BA 231Ar			 lea	 dx, MsgDbgHwInit
   1799	2EF8  B4 09			 mov	 ah, 09h
   1800	2EFA  CD 21			 int	 21h
   1801	2EFC  5A			 pop	 dx
   1802	2EFD			     SkipDbgHwInit:
   1803	2EFD  EB 08			 jmp	 HardwareInitDone
   1804
   1805	2EFF			     InitParallel:
   1806	2EFF  E8 02F4			 call	 InitParallelPort
   1807	2F02  73 03 E9 00B1		 jc	 InitError
   1808
   1809	2F07			     HardwareInitDone:
   1810					 ; Try to allocate UMB
   1811	2F07  E8 036A			 call	 AllocateUMB
   1812					 ; If UMB allocation failed, we're in conventional memory (already handled)
   1813
   1814					 ; Save	old interrupt vectors
   1815	2F0A  B8 352F			 mov	 ax, 352Fh
   1816	2F0D  CD 21			 int	 21h
   1817	2F0F  8C 06 01A2r		 mov	 OldInt2F_Seg, es
   1818	2F13  89 1E 01A0r		 mov	 OldInt2F_Off, bx
   1819
   1820					 ; Hook	INT 2Fh
   1821	2F17  1E			 push	 ds
   1822	2F18  8C C8			 mov	 ax, cs
   1823	2F1A  8E D8			 mov	 ds, ax
   1824	2F1C  BA 36B3r			 lea	 dx, Int2FHandler
Turbo Assembler	 Version 4.1	    04/04/26 20:56:31	    Page 33
DCEMLID.ASM



   1825	2F1F  B8 252F			 mov	 ax, 252Fh
   1826	2F22  CD 21			 int	 21h
   1827	2F24  1F			 pop	 ds
   1828
   1829					 ; Debug: hooking IRQ
   1830	2F25  80 3E 29F7r 01		 cmp	 CmdDebug, 1
   1831	2F2A  75 09			 jne	 SkipDbgHookIRQ
   1832	2F2C  52			 push	 dx
   1833	2F2D  BA 232Dr			 lea	 dx, MsgDbgHookIRQ
   1834	2F30  B4 09			 mov	 ah, 09h
   1835	2F32  CD 21			 int	 21h
   1836	2F34  5A			 pop	 dx
   1837	2F35			     SkipDbgHookIRQ:
   1838
   1839					 ; Hook	hardware interrupt
   1840	2F35  E8 0399			 call	 HookHardwareInterrupt
   1841	2F38  72 7E 90 90 90		 jc	 InitError
   1842
   1843					 ; Debug: print	OK
   1844	2F3D  80 3E 29F7r 01		 cmp	 CmdDebug, 1
   1845	2F42  75 09			 jne	 SkipDbgIRQOK
   1846	2F44  52			 push	 dx
   1847	2F45  BA 22FEr			 lea	 dx, MsgDbgOK
   1848	2F48  B4 09			 mov	 ah, 09h
   1849	2F4A  CD 21			 int	 21h
   1850	2F4C  5A			 pop	 dx
   1851	2F4D			     SkipDbgIRQOK:
   1852
   1853					 ; Debug: registering with LSL
   1854	2F4D  80 3E 29F7r 01		 cmp	 CmdDebug, 1
   1855	2F52  75 09			 jne	 SkipDbgRegLSL
   1856	2F54  52			 push	 dx
   1857	2F55  BA 233Cr			 lea	 dx, MsgDbgRegLSL
   1858	2F58  B4 09			 mov	 ah, 09h
   1859	2F5A  CD 21			 int	 21h
   1860	2F5C  5A			 pop	 dx
   1861	2F5D			     SkipDbgRegLSL:
   1862
   1863					 ; Register with LSL
   1864	2F5D  E8 0560			 call	 RegisterWithLSL
   1865	2F60  72 76			 jc	 InitErrorLSL
   1866
   1867					 ; Set driver loaded flag
   1868	2F62  C6 06 018Br 01		 mov	 DriverLoaded, 1
   1869
   1870					 ; Hook	timer interrupt	for verbose mode if requested
   1871	2F67  80 3E 29F8r 00		 cmp	 CmdVerbose, 0
   1872	2F6C  74 03			 je	 SkipVerboseHook
   1873	2F6E  E8 03CB			 call	 HookTimerInt
   1874	2F71			     SkipVerboseHook:
   1875
   1876					 ; Print success message
   1877	2F71  E8 1408			 call	 PrintInstallMessage
   1878
   1879	2F74  F8			 clc
   1880	2F75  C3			 ret
   1881
Turbo Assembler	 Version 4.1	    04/04/26 20:56:31	    Page 34
DCEMLID.ASM



   1882	2F76			     AlreadyLoaded:
   1883	2F76  BA 21A2r			 lea	 dx, MsgErrLoaded
   1884	2F79  B4 09			 mov	 ah, 09h
   1885	2F7B  CD 21			 int	 21h
   1886	2F7D  F9			 stc
   1887	2F7E  C3			 ret
   1888
   1889	2F7F			     LSLNotLoaded:
   1890	2F7F  BA 212Er			 lea	 dx, MsgErrLSL
   1891	2F82  B4 09			 mov	 ah, 09h
   1892	2F84  CD 21			 int	 21h
   1893	2F86  F9			 stc
   1894	2F87  C3			 ret
   1895
   1896	2F88			     DOSTooOld:
   1897	2F88  BA 2241r			 lea	 dx, MsgErrDOS
   1898	2F8B  B4 09			 mov	 ah, 09h
   1899	2F8D  CD 21			 int	 21h
   1900	2F8F  F9			 stc
   1901	2F90  C3			 ret
   1902
   1903	2F91			     LSLIncompat:
   1904	2F91  BA 2276r			 lea	 dx, MsgErrLSLVer
   1905	2F94  B4 09			 mov	 ah, 09h
   1906	2F96  CD 21			 int	 21h
   1907					 ; Print detected version (LSLVersion: AL=major, AH=minor)
   1908	2F98  A1 019Cr			 mov	 ax, LSLVersion
   1909	2F9B  50			 push	 ax
   1910	2F9C  32 E4			 xor	 ah, ah		     ; AL = Major
   1911	2F9E  E8 1549			 call	 PrintDecimal
   1912	2FA1  B2 2E			 mov	 dl, '.'
   1913	2FA3  B4 02			 mov	 ah, 02h
   1914	2FA5  CD 21			 int	 21h
   1915	2FA7  58			 pop	 ax
   1916	2FA8  8A C4			 mov	 al, ah		     ; Minor is	in AH
   1917	2FAA  32 E4			 xor	 ah, ah
   1918	2FAC  E8 153B			 call	 PrintDecimal
   1919	2FAF  BA 2002r			 lea	 dx, MsgCRLF
   1920	2FB2  B4 09			 mov	 ah, 09h
   1921	2FB4  CD 21			 int	 21h
   1922	2FB6  F9			 stc
   1923	2FB7  C3			 ret
   1924
   1925	2FB8			     InitError:
   1926					 ; Restore interrupt vectors if	needed
   1927	2FB8  83 3E 01A0r 00		 cmp	 OldInt2F_Off, 0
   1928	2FBD  74 10			 je	 InitErrorNoRestore
   1929
   1930					 ; Load	both offset and	segment	BEFORE changing	DS
   1931	2FBF  8B 16 01A0r		 mov	 dx, OldInt2F_Off
   1932	2FC3  1E			 push	 ds
   1933	2FC4  A1 01A2r			 mov	 ax, OldInt2F_Seg
   1934	2FC7  8E D8			 mov	 ds, ax
   1935	2FC9  B8 252F			 mov	 ax, 252Fh
   1936	2FCC  CD 21			 int	 21h
   1937	2FCE  1F			 pop	 ds
   1938
Turbo Assembler	 Version 4.1	    04/04/26 20:56:31	    Page 35
DCEMLID.ASM



   1939	2FCF			     InitErrorNoRestore:
   1940	2FCF  BA 21E2r			 lea	 dx, MsgErrPort
   1941	2FD2  B4 09			 mov	 ah, 09h
   1942	2FD4  CD 21			 int	 21h
   1943	2FD6  F9			 stc
   1944	2FD7  C3			 ret
   1945
   1946	2FD8			     InitErrorLSL:
   1947					 ; Restore interrupt vectors if	needed
   1948	2FD8  83 3E 01A0r 00		 cmp	 OldInt2F_Off, 0
   1949	2FDD  74 10			 je	 InitErrorLSLNoRestore
   1950
   1951	2FDF  8B 16 01A0r		 mov	 dx, OldInt2F_Off
   1952	2FE3  1E			 push	 ds
   1953	2FE4  A1 01A2r			 mov	 ax, OldInt2F_Seg
   1954	2FE7  8E D8			 mov	 ds, ax
   1955	2FE9  B8 252F			 mov	 ax, 252Fh
   1956	2FEC  CD 21			 int	 21h
   1957	2FEE  1F			 pop	 ds
   1958
   1959	2FEF			     InitErrorLSLNoRestore:
   1960	2FEF  BA 2390r			 lea	 dx, MsgErrLSLReg
   1961	2FF2  B4 09			 mov	 ah, 09h
   1962	2FF4  CD 21			 int	 21h
   1963	2FF6  F9			 stc
   1964	2FF7  C3			 ret
   1965	2FF8			     InstallDriver ENDP
   1966
   1967				     ;=============================================================================
   1968				     ; InitSerialPort -	Initialize UART	for serial communication
   1969				     ; Output: CF=1 on error
   1970				     ;=============================================================================
   1971
   1972	2FF8			     InitSerialPort PROC
   1973	2FF8  52			 push	 dx
   1974	2FF9  50			 push	 ax
   1975	2FFA  51			 push	 cx
   1976	2FFB  53			 push	 bx
   1977
   1978	2FFC  8B 16 010Cr		 mov	 dx, CfgData.Port
   1979
   1980					 ; Check if port came from BDA (already	validated by BIOS)
   1981	3000  80 3E 011Er 00		 cmp	 CfgData.PortSource, 0
   1982	3005  75 03 E9 0129		 je	 UARTDetected	     ; Skip detection, go straight to 16550 check
   1983
   1984					 ; Initialize retry counter for	UART detection
   1985	300A  B3 03			 mov	 bl, 3		     ; 3 retry attempts	for slow 8250
   1986
   1987	300C			     UARTDetectRetry:
   1988					 ; === Raw address: UART Detection using Line Control Register (LCR) test ===
   1989					 ; The original	8250 does NOT have a scratch register (offset 7),
   1990					 ; so we use the LCR (offset 3)	instead	for reliable detection.
   1991					 ; Save	current	LCR, write test	patterns, then restore.
   1992	300C  8B 16 010Cr		 mov	 dx, CfgData.Port    ; Reset DX	in case	of retry
   1993	3010  83 C2 03			 add	 dx, UART_LCR	     ; Line Control Register
   1994
   1995					 ; Debug: print	LCR port address
Turbo Assembler	 Version 4.1	    04/04/26 20:56:31	    Page 36
DCEMLID.ASM



   1996	3013  80 3E 29F7r 01		 cmp	 CmdDebug, 1
   1997	3018  75 17			 jne	 SkipDbgLCR
   1998	301A  50			 push	 ax
   1999	301B  52			 push	 dx		     ; Save LCR	port address
   2000	301C  52			 push	 dx		     ; Will use	this for PrintHexWord
   2001	301D  BA 22E5r			 lea	 dx, MsgDbgLCR
   2002	3020  B4 09			 mov	 ah, 09h
   2003	3022  CD 21			 int	 21h
   2004	3024  58			 pop	 ax		     ; Get port	address	into AX	for printing
   2005	3025  E8 1493			 call	 PrintHexWord
   2006	3028  BA 2002r			 lea	 dx, MsgCRLF
   2007	302B  B4 09			 mov	 ah, 09h
   2008	302D  CD 21			 int	 21h
   2009	302F  5A			 pop	 dx		     ; Restore LCR port	address
   2010	3030  58			 pop	 ax
   2011	3031			     SkipDbgLCR:
   2012
   2013	3031  EC			 in	 al, dx		     ; Save current LCR	value
   2014	3032  E8 FE5C			 call	 IODelay	     ; Allow register to settle
   2015	3035  8A E0			 mov	 ah, al		     ; Store in	AH
   2016
   2017					 ; Test	pattern	1
   2018	3037  B0 1B			 mov	 al, 01Bh	     ; Test pattern 1 (8N1 + break)
   2019	3039  EE			 out	 dx, al
   2020	303A  E8 FE54			 call	 IODelay	     ; Allow register to settle
   2021	303D  E8 FE51			 call	 IODelay	     ; Extra delay for slow hardware
   2022	3040  50			 push	 ax		     ; Save written value
   2023	3041  EC			 in	 al, dx
   2024	3042  8A D8			 mov	 bl, al		     ; Save raw	read
   2025	3044  24 7F			 and	 al, 07Fh	     ; Mask off	DLAB bit
   2026	3046  8A F8			 mov	 bh, al		     ; Save masked read
   2027	3048  58			 pop	 ax		     ; Restore written value
   2028
   2029					 ; Debug: print	test 1 results
   2030	3049  80 3E 29F7r 01		 cmp	 CmdDebug, 1
   2031	304E  75 3A			 jne	 SkipDbgTest1
   2032	3050  50			 push	 ax
   2033	3051  53			 push	 bx
   2034	3052  52			 push	 dx
   2035	3053  BA 230Cr			 lea	 dx, MsgDbgTest1
   2036	3056  B4 09			 mov	 ah, 09h
   2037	3058  CD 21			 int	 21h
   2038	305A  BA 22EFr			 lea	 dx, MsgDbgWrite
   2039	305D  B4 09			 mov	 ah, 09h
   2040	305F  CD 21			 int	 21h
   2041	3061  B0 1B			 mov	 al, 01Bh
   2042	3063  E8 1460			 call	 PrintHexByte
   2043	3066  BA 22F7r			 lea	 dx, MsgDbgRead
   2044	3069  B4 09			 mov	 ah, 09h
   2045	306B  CD 21			 int	 21h
   2046	306D  5A			 pop	 dx
   2047	306E  5B			 pop	 bx
   2048	306F  53			 push	 bx
   2049	3070  52			 push	 dx
   2050	3071  8A C3			 mov	 al, bl		     ; Raw read	value
   2051	3073  E8 1450			 call	 PrintHexByte
   2052	3076  B2 28			 mov	 dl, '('
Turbo Assembler	 Version 4.1	    04/04/26 20:56:31	    Page 37
DCEMLID.ASM



   2053	3078  B4 02			 mov	 ah, 02h
   2054	307A  CD 21			 int	 21h
   2055	307C  8A C7			 mov	 al, bh		     ; Masked value
   2056	307E  E8 1445			 call	 PrintHexByte
   2057	3081  B2 29			 mov	 dl, ')'
   2058	3083  B4 02			 mov	 ah, 02h
   2059	3085  CD 21			 int	 21h
   2060	3087  5A			 pop	 dx
   2061	3088  5B			 pop	 bx
   2062	3089  58			 pop	 ax
   2063	308A			     SkipDbgTest1:
   2064
   2065	308A  80 FF 1B			 cmp	 bh, 01Bh
   2066	308D  74 03 E9 007D		 jne	 NoUARTFoundDbg
   2067
   2068					 ; Debug: print	OK
   2069	3092  80 3E 29F7r 01		 cmp	 CmdDebug, 1
   2070	3097  75 09			 jne	 SkipDbgOK1
   2071	3099  52			 push	 dx
   2072	309A  BA 22FEr			 lea	 dx, MsgDbgOK
   2073	309D  B4 09			 mov	 ah, 09h
   2074	309F  CD 21			 int	 21h
   2075	30A1  5A			 pop	 dx
   2076	30A2			     SkipDbgOK1:
   2077
   2078					 ; Test	pattern	2
   2079	30A2  B0 03			 mov	 al, 003h	     ; Test pattern 2 (8N1)
   2080	30A4  EE			 out	 dx, al
   2081	30A5  E8 FDE9			 call	 IODelay	     ; Allow register to settle
   2082	30A8  E8 FDE6			 call	 IODelay	     ; Extra delay for slow hardware
   2083	30AB  50			 push	 ax
   2084	30AC  EC			 in	 al, dx
   2085	30AD  8A D8			 mov	 bl, al		     ; Save raw	read
   2086	30AF  24 7F			 and	 al, 07Fh
   2087	30B1  8A F8			 mov	 bh, al		     ; Save masked read
   2088	30B3  58			 pop	 ax
   2089
   2090					 ; Debug: print	test 2 results
   2091	30B4  80 3E 29F7r 01		 cmp	 CmdDebug, 1
   2092	30B9  75 3A			 jne	 SkipDbgTest2
   2093	30BB  50			 push	 ax
   2094	30BC  53			 push	 bx
   2095	30BD  52			 push	 dx
   2096	30BE  BA 2313r			 lea	 dx, MsgDbgTest2
   2097	30C1  B4 09			 mov	 ah, 09h
   2098	30C3  CD 21			 int	 21h
   2099	30C5  BA 22EFr			 lea	 dx, MsgDbgWrite
   2100	30C8  B4 09			 mov	 ah, 09h
   2101	30CA  CD 21			 int	 21h
   2102	30CC  B0 03			 mov	 al, 003h
   2103	30CE  E8 13F5			 call	 PrintHexByte
   2104	30D1  BA 22F7r			 lea	 dx, MsgDbgRead
   2105	30D4  B4 09			 mov	 ah, 09h
   2106	30D6  CD 21			 int	 21h
   2107	30D8  5A			 pop	 dx
   2108	30D9  5B			 pop	 bx
   2109	30DA  53			 push	 bx
Turbo Assembler	 Version 4.1	    04/04/26 20:56:31	    Page 38
DCEMLID.ASM



   2110	30DB  52			 push	 dx
   2111	30DC  8A C3			 mov	 al, bl
   2112	30DE  E8 13E5			 call	 PrintHexByte
   2113	30E1  B2 28			 mov	 dl, '('
   2114	30E3  B4 02			 mov	 ah, 02h
   2115	30E5  CD 21			 int	 21h
   2116	30E7  8A C7			 mov	 al, bh
   2117	30E9  E8 13DA			 call	 PrintHexByte
   2118	30EC  B2 29			 mov	 dl, ')'
   2119	30EE  B4 02			 mov	 ah, 02h
   2120	30F0  CD 21			 int	 21h
   2121	30F2  5A			 pop	 dx
   2122	30F3  5B			 pop	 bx
   2123	30F4  58			 pop	 ax
   2124	30F5			     SkipDbgTest2:
   2125
   2126	30F5  80 FF 03			 cmp	 bh, 003h
   2127	30F8  75 15			 jne	 NoUARTFoundDbg
   2128
   2129					 ; Debug: print	OK
   2130	30FA  80 3E 29F7r 01		 cmp	 CmdDebug, 1
   2131	30FF  75 09			 jne	 SkipDbgOK2
   2132	3101  52			 push	 dx
   2133	3102  BA 22FEr			 lea	 dx, MsgDbgOK
   2134	3105  B4 09			 mov	 ah, 09h
   2135	3107  CD 21			 int	 21h
   2136	3109  5A			 pop	 dx
   2137	310A			     SkipDbgOK2:
   2138
   2139					 ; Restore original LCR
   2140	310A  8A C4			 mov	 al, ah
   2141	310C  EE			 out	 dx, al
   2142	310D  EB 24			 jmp	 UARTDetected
   2143
   2144	310F			     NoUARTFoundDbg:
   2145					 ; Debug: print	FAIL
   2146	310F  80 3E 29F7r 01		 cmp	 CmdDebug, 1
   2147	3114  75 0B			 jne	 NoUARTRetry
   2148	3116  52			 push	 dx
   2149	3117  BA 2304r			 lea	 dx, MsgDbgFAIL
   2150	311A  B4 09			 mov	 ah, 09h
   2151	311C  CD 21			 int	 21h
   2152	311E  5A			 pop	 dx
   2153	311F  EB 00			 jmp	 NoUARTRetry
   2154
   2155	3121			     NoUARTRetry:
   2156					 ; Check if we should retry
   2157	3121  FE CB			 dec	 bl		     ; Decrement retry counter
   2158	3123  75 03 E9 00C8		 jz	 NoUARTFound	     ; No more retries - fail
   2159
   2160					 ; Delay before	retry (allow slow 8250 to settle)
   2161	3128  B9 1000			 mov	 cx, 1000h
   2162	312B			     NoUARTRetryDelay:
   2163	312B  E8 FD63			 call	 IODelay
   2164	312E  E2 FB			 loop	 NoUARTRetryDelay
   2165	3130  E9 FED9			 jmp	 UARTDetectRetry     ; Try again
   2166
Turbo Assembler	 Version 4.1	    04/04/26 20:56:31	    Page 39
DCEMLID.ASM



   2167	3133			     UARTDetected:
   2168
   2169					 ; UART	detected, continue with	initialization
   2170	3133  8B 16 010Cr		 mov	 dx, CfgData.Port
   2171
   2172					 ; Detect 8250 vs 16550
   2173	3137  83 C2 02			 add	 dx, UART_FCR
   2174	313A  B0 C7			 mov	 al, 0C7h	     ; Enable FIFO with	all flags
   2175	313C  EE			 out	 dx, al
   2176
   2177					 ; Read	back IIR
   2178	313D  EC			 in	 al, dx
   2179	313E  24 C0			 and	 al, 0C0h	     ; Check bits 6-7
   2180	3140  3C C0			 cmp	 al, 0C0h
   2181	3142  74 18			 je	 Is16550
   2182
   2183					 ; It's	an 8250
   2184	3144  C6 06 011Ar 00		 mov	 CfgData.UARTType, 0
   2185
   2186					 ; Check if baud rate is too high for 8250 (compare low	word, high word	is 0 for valid rates)
   2187	3149  81 3E 010Er E100		 cmp	 word ptr CfgData.BaudRate, 57600
   2188	314F  72 10			 jb	 UARTTypeOK
   2189
   2190					 ; Print warning
   2191	3151  52			 push	 dx
   2192	3152  BA 2014r			 lea	 dx, MsgWarn8250
   2193	3155  B4 09			 mov	 ah, 09h
   2194	3157  CD 21			 int	 21h
   2195	3159  5A			 pop	 dx
   2196	315A  EB 05			 jmp	 UARTTypeOK
   2197
   2198	315C			     Is16550:
   2199	315C  C6 06 011Ar 01		 mov	 CfgData.UARTType, 1
   2200
   2201	3161			     UARTTypeOK:
   2202					 ; Look	up divisor for baud rate from table (8086-compatible)
   2203	3161  E8 1523			 call	 LookupBaudDivisor
   2204					 ; BX now contains the divisor
   2205
   2206					 ; Set DLAB to access divisor latch
   2207	3164  8B 16 010Cr		 mov	 dx, CfgData.Port
   2208	3168  83 C2 03			 add	 dx, UART_LCR
   2209	316B  B0 83			 mov	 al, LCR_DLAB OR LCR_8N1
   2210	316D  EE			 out	 dx, al
   2211
   2212					 ; Set divisor
   2213	316E  8B 16 010Cr		 mov	 dx, CfgData.Port
   2214	3172  8A C3			 mov	 al, bl		     ; Low byte
   2215	3174  EE			 out	 dx, al
   2216	3175  42			 inc	 dx
   2217	3176  8A C7			 mov	 al, bh		     ; High byte
   2218	3178  EE			 out	 dx, al
   2219
   2220					 ; Clear DLAB, set 8N1
   2221	3179  8B 16 010Cr		 mov	 dx, CfgData.Port
   2222	317D  83 C2 03			 add	 dx, UART_LCR
   2223	3180  B0 03			 mov	 al, LCR_8N1
Turbo Assembler	 Version 4.1	    04/04/26 20:56:31	    Page 40
DCEMLID.ASM



   2224	3182  EE			 out	 dx, al
   2225
   2226					 ; Enable and configure	FIFO if	16550
   2227	3183  80 3E 011Ar 01		 cmp	 CfgData.UARTType, 1
   2228	3188  75 0A			 jne	 NoFIFO
   2229
   2230	318A  8B 16 010Cr		 mov	 dx, CfgData.Port
   2231	318E  83 C2 02			 add	 dx, UART_FCR
   2232	3191  B0 87			 mov	 al, FCR_ENABLE	OR FCR_CLEAR OR	FCR_TRIGGER_8
   2233	3193  EE			 out	 dx, al
   2234
   2235	3194			     NoFIFO:
   2236					 ; Configure modem control
   2237	3194  8B 16 010Cr		 mov	 dx, CfgData.Port
   2238	3198  83 C2 04			 add	 dx, UART_MCR
   2239	319B  B0 0B			 mov	 al, MCR_DTR OR	MCR_RTS	OR MCR_OUT2
   2240	319D  EE			 out	 dx, al
   2241
   2242					 ; Enable interrupts
   2243	319E  8B 16 010Cr		 mov	 dx, CfgData.Port
   2244	31A2  83 C2 01			 add	 dx, UART_IER
   2245	31A5  B0 01			 mov	 al, 01h	     ; Enable received data interrupt
   2246	31A7  EE			 out	 dx, al
   2247
   2248					 ; Determine IRQ number	from port (if not specified by user)
   2249	31A8  80 3E 0119r FF		 cmp	 CfgData.IRQNum, 0FFh	 ; Was INT specified in	config?
   2250	31AD  75 3B			 jne	 SerialIRQSet		 ; Yes - use user-specified value
   2251
   2252	31AF  A1 010Cr			 mov	 ax, CfgData.Port
   2253	31B2  3D 03F8			 cmp	 ax, 3F8h
   2254	31B5  74 27			 je	 SerialIRQ4
   2255	31B7  3D 02F8			 cmp	 ax, 2F8h
   2256	31BA  74 29			 je	 SerialIRQ3
   2257
   2258					 ; COM3/COM4 - warn about non-standard IRQ
   2259	31BC  3D 03E8			 cmp	 ax, 3E8h
   2260	31BF  74 07			 je	 SerialIRQ4_Warn
   2261	31C1  3D 02E8			 cmp	 ax, 2E8h
   2262	31C4  74 0D			 je	 SerialIRQ3_Warn
   2263
   2264					 ; Unknown port	- default to IRQ4
   2265	31C6  EB 16			 jmp	 SerialIRQ4
   2266
   2267	31C8			     SerialIRQ4_Warn:
   2268					 ; COM3	at 3E8h	- warn and use IRQ4
   2269	31C8  52			 push	 dx
   2270	31C9  BA 2078r			 lea	 dx, MsgWarnCOM34
   2271	31CC  B4 09			 mov	 ah, 09h
   2272	31CE  CD 21			 int	 21h
   2273	31D0  5A			 pop	 dx
   2274	31D1  EB 0B			 jmp	 SerialIRQ4
   2275
   2276	31D3			     SerialIRQ3_Warn:
   2277					 ; COM4	at 2E8h	- warn and use IRQ3
   2278	31D3  52			 push	 dx
   2279	31D4  BA 2078r			 lea	 dx, MsgWarnCOM34
   2280	31D7  B4 09			 mov	 ah, 09h
Turbo Assembler	 Version 4.1	    04/04/26 20:56:31	    Page 41
DCEMLID.ASM



   2281	31D9  CD 21			 int	 21h
   2282	31DB  5A			 pop	 dx
   2283	31DC  EB 07			 jmp	 SerialIRQ3
   2284
   2285	31DE			     SerialIRQ4:
   2286	31DE  C6 06 0119r 04		 mov	 CfgData.IRQNum, 4
   2287	31E3  EB 05			 jmp	 SerialIRQSet
   2288
   2289	31E5			     SerialIRQ3:
   2290	31E5  C6 06 0119r 03		 mov	 CfgData.IRQNum, 3
   2291
   2292	31EA			     SerialIRQSet:
   2293	31EA  F8			 clc
   2294	31EB  5B			 pop	 bx
   2295	31EC  59			 pop	 cx
   2296	31ED  58			 pop	 ax
   2297	31EE  5A			 pop	 dx
   2298	31EF  C3			 ret
   2299
   2300	31F0			     NoUARTFound:
   2301					 ; No UART detected at this port
   2302	31F0  F9			 stc
   2303	31F1  5B			 pop	 bx
   2304	31F2  59			 pop	 cx
   2305	31F3  58			 pop	 ax
   2306	31F4  5A			 pop	 dx
   2307	31F5  C3			 ret
   2308	31F6			     InitSerialPort ENDP
   2309
   2310				     ;=============================================================================
   2311				     ; InitParallelPort	- Initialize parallel port (EPP	or PS/2)
   2312				     ; Output: CF=1 on error
   2313				     ;=============================================================================
   2314
   2315	31F6			     InitParallelPort PROC
   2316	31F6  52			 push	 dx
   2317	31F7  50			 push	 ax
   2318	31F8  51			 push	 cx
   2319
   2320	31F9  8B 16 010Cr		 mov	 dx, CfgData.Port
   2321
   2322					 ; Check if port came from BDA (already	validated by BIOS)
   2323	31FD  80 3E 011Er 00		 cmp	 CfgData.PortSource, 0
   2324	3202  74 1C			 je	 LPTDetected	     ; Skip basic detection, go	to EPP/mode check
   2325
   2326					 ; === Raw address: Parallel port detection using data register	test ===
   2327					 ; Write test patterns and read	back with IO delays
   2328	3204  B0 55			 mov	 al, 055h
   2329	3206  EE			 out	 dx, al
   2330	3207  E8 FC87			 call	 IODelay	     ; Allow register to settle
   2331	320A  E8 FC84			 call	 IODelay	     ; Extra delay for slow hardware
   2332	320D  EC			 in	 al, dx
   2333	320E  3C 55			 cmp	 al, 055h
   2334	3210  75 5A			 jne	 NoLPTFound
   2335
   2336	3212  B0 AA			 mov	 al, 0AAh
   2337	3214  EE			 out	 dx, al
Turbo Assembler	 Version 4.1	    04/04/26 20:56:31	    Page 42
DCEMLID.ASM



   2338	3215  E8 FC79			 call	 IODelay	     ; Allow register to settle
   2339	3218  E8 FC76			 call	 IODelay	     ; Extra delay for slow hardware
   2340	321B  EC			 in	 al, dx
   2341	321C  3C AA			 cmp	 al, 0AAh
   2342	321E  75 4C			 jne	 NoLPTFound
   2343
   2344	3220			     LPTDetected:
   2345					 ; Parallel port detected/validated, continue with initialization
   2346
   2347					 ; Check for PAR8 mode
   2348	3220  80 3E 010Br 02		 cmp	 CfgData.Mode, 2
   2349	3225  75 23			 jne	 Par4Mode
   2350
   2351					 ; Try to detect EPP capability	(always	do this, BIOS doesn't detect EPP)
   2352	3227  8B 16 010Cr		 mov	 dx, CfgData.Port
   2353	322B  81 C2 0402		 add	 dx, LPT_ECR
   2354	322F  EC			 in	 al, dx
   2355	3230  B1 05			 mov	 cl, 5
   2356	3232  D2 E8			 shr	 al, cl		     ; Get bits	5-7
   2357	3234  3C 01			 cmp	 al, 001b	     ; EPP 1.7
   2358	3236  74 0B			 je	 HasEPP
   2359	3238  3C 02			 cmp	 al, 010b	     ; EPP 1.9
   2360	323A  74 07			 je	 HasEPP
   2361
   2362					 ; No EPP, fallback to PS/2 bidirectional
   2363	323C  C6 06 011Br 01		 mov	 CfgData.ParMode, 1  ; PS/2 mode
   2364	3241  EB 0C			 jmp	 ParallelConfigDone
   2365
   2366	3243			     HasEPP:
   2367	3243  C6 06 011Br 00		 mov	 CfgData.ParMode, 0  ; EPP mode
   2368	3248  EB 05			 jmp	 ParallelConfigDone
   2369
   2370	324A			     Par4Mode:
   2371					 ; Standard SPP	4-bit mode
   2372	324A  C6 06 011Br 00		 mov	 CfgData.ParMode, 0
   2373
   2374	324F			     ParallelConfigDone:
   2375					 ; Initialize control register
   2376	324F  8B 16 010Cr		 mov	 dx, CfgData.Port
   2377	3253  83 C2 02			 add	 dx, LPT_CONTROL
   2378	3256  B0 0C			 mov	 al, LPT_CTRL_INIT OR LPT_CTRL_SELECT
   2379
   2380					 ; Add bidirectional bit for PS/2 mode
   2381	3258  80 3E 011Br 01		 cmp	 CfgData.ParMode, 1
   2382	325D  75 02			 jne	 NoBidir
   2383	325F  0C 20			 or	 al, LPT_CTRL_BIDIR
   2384
   2385	3261			     NoBidir:
   2386	3261  EE			 out	 dx, al
   2387
   2388					 ; Parallel typically uses IRQ7
   2389	3262  C6 06 0119r 07		 mov	 CfgData.IRQNum, 7
   2390
   2391	3267  F8			 clc
   2392	3268  59			 pop	 cx
   2393	3269  58			 pop	 ax
   2394	326A  5A			 pop	 dx
Turbo Assembler	 Version 4.1	    04/04/26 20:56:31	    Page 43
DCEMLID.ASM



   2395	326B  C3			 ret
   2396
   2397	326C			     NoLPTFound:
   2398					 ; No parallel port detected at	this port
   2399	326C  F9			 stc
   2400	326D  59			 pop	 cx
   2401	326E  58			 pop	 ax
   2402	326F  5A			 pop	 dx
   2403	3270  C3			 ret
   2404	3271			     InitParallelPort ENDP
   2405
   2406				     ;=============================================================================
   2407				     ; AllocateUMB - Try to allocate memory in UMB
   2408				     ;=============================================================================
   2409
   2410	3271  00		     UMBAllocated    DB	0
   2411	3272  0000		     MemorySegment   DW	0
   2412
   2413	3274			     AllocateUMB PROC
   2414	3274  50			 push	 ax
   2415	3275  53			 push	 bx
   2416	3276  51			 push	 cx
   2417
   2418					 ; Save	current	UMB link state
   2419	3277  B8 5802			 mov	 ax, 5802h
   2420	327A  CD 21			 int	 21h
   2421	327C  50			 push	 ax		     ; Save for	restoration
   2422
   2423					 ; Enable UMB chain
   2424	327D  B8 5803			 mov	 ax, 5803h
   2425	3280  BB 0001			 mov	 bx, 1
   2426	3283  CD 21			 int	 21h
   2427
   2428					 ; Calculate memory needed in paragraphs
   2429	3285  BB 45B4			 mov	 bx, ResidentSize
   2430	3288  83 C3 0F			 add	 bx, 15
   2431	328B  B1 04			 mov	 cl, 4
   2432	328D  D3 EB			 shr	 bx, cl
   2433
   2434					 ; Try to allocate high	memory
   2435	328F  B4 48			 mov	 ah, 48h
   2436	3291  CD 21			 int	 21h
   2437	3293  73 14			 jnc	 UMBSuccess
   2438
   2439					 ; UMB allocation failed, restore link state
   2440	3295  58			 pop	 ax
   2441	3296  8B D8			 mov	 bx, ax
   2442	3298  B8 5803			 mov	 ax, 5803h
   2443	329B  CD 21			 int	 21h
   2444
   2445					 ; We'll use conventional memory (already allocated by DOS)
   2446	329D  8C C8			 mov	 ax, cs
   2447	329F  A3 3272r			 mov	 MemorySegment,	ax
   2448	32A2  C6 06 3271r 00		 mov	 UMBAllocated, 0
   2449	32A7  EB 24			 jmp	 AllocUMBDone
   2450
   2451	32A9			     UMBSuccess:
Turbo Assembler	 Version 4.1	    04/04/26 20:56:31	    Page 44
DCEMLID.ASM



   2452	32A9  59			 pop	 cx		     ; Discard saved link state
   2453	32AA  A3 3272r			 mov	 MemorySegment,	ax
   2454	32AD  C6 06 3271r 01		 mov	 UMBAllocated, 1
   2455
   2456					 ; Copy	code to	UMB
   2457	32B2  1E			 push	 ds
   2458	32B3  06			 push	 es
   2459	32B4  8C C8			 mov	 ax, cs
   2460	32B6  8E D8			 mov	 ds, ax
   2461	32B8  8E 06 3272r		 mov	 es, MemorySegment
   2462	32BC  33 F6			 xor	 si, si
   2463	32BE  33 FF			 xor	 di, di
   2464	32C0  B9 45B4			 mov	 cx, ResidentSize
   2465	32C3  D1 E9			 shr	 cx, 1		     ; Divide by 2 for word count
   2466	32C5  F3> A5			 rep	 movsw		     ; Copy words
   2467	32C7  13 C9			 adc	 cx, cx		     ; CX=1 if odd byte	remains
   2468	32C9  F3> A4			 rep	 movsb		     ; Copy trailing byte if any
   2469	32CB  07			 pop	 es
   2470	32CC  1F			 pop	 ds
   2471
   2472	32CD			     AllocUMBDone:
   2473	32CD  59			 pop	 cx
   2474	32CE  5B			 pop	 bx
   2475	32CF  58			 pop	 ax
   2476	32D0  C3			 ret
   2477	32D1			     AllocateUMB ENDP
   2478
   2479				     ;=============================================================================
   2480				     ; HookHardwareInterrupt - Hook the	hardware IRQ
   2481				     ; Output: CF=1 on error
   2482				     ;=============================================================================
   2483
   2484	32D1			     HookHardwareInterrupt PROC
   2485	32D1  50			 push	 ax
   2486	32D2  53			 push	 bx
   2487	32D3  52			 push	 dx
   2488	32D4  1E			 push	 ds
   2489	32D5  06			 push	 es
   2490
   2491					 ; Calculate interrupt vector from IRQ number
   2492	32D6  A0 0119r			 mov	 al, CfgData.IRQNum
   2493	32D9  3C 08			 cmp	 al, 8
   2494	32DB  72 06			 jb	 IRQBelow8
   2495
   2496					 ; IRQ 8-15 -> INT 70h-77h
   2497	32DD  2C 08			 sub	 al, 8
   2498	32DF  04 70			 add	 al, 70h
   2499	32E1  EB 02			 jmp	 HookIRQ
   2500
   2501	32E3			     IRQBelow8:
   2502					 ; IRQ 0-7 -> INT 08h-0Fh
   2503	32E3  04 08			 add	 al, 08h
   2504
   2505	32E5			     HookIRQ:
   2506	32E5  8A D8			 mov	 bl, al		     ; Save interrupt number
   2507
   2508					 ; Get old vector
Turbo Assembler	 Version 4.1	    04/04/26 20:56:31	    Page 45
DCEMLID.ASM



   2509	32E7  B4 35			 mov	 ah, 35h
   2510	32E9  CD 21			 int	 21h
   2511	32EB  8C 06 01A6r		 mov	 OldHwInt_Seg, es
   2512	32EF  89 1E 01A4r		 mov	 OldHwInt_Off, bx
   2513
   2514					 ; Set new vector
   2515	32F3  1E			 push	 ds
   2516	32F4  8C C8			 mov	 ax, cs
   2517	32F6  8E D8			 mov	 ds, ax
   2518
   2519	32F8  80 3E 010Br 00		 cmp	 CfgData.Mode, 0
   2520	32FD  74 05			 je	 HookSerial
   2521
   2522	32FF  BA 393Ar			 lea	 dx, ParallelISR
   2523	3302  EB 03			 jmp	 SetVector
   2524
   2525	3304			     HookSerial:
   2526	3304  BA 36D1r			 lea	 dx, SerialISR
   2527
   2528	3307			     SetVector:
   2529	3307  8A C3			 mov	 al, bl
   2530	3309  B4 25			 mov	 ah, 25h
   2531	330B  CD 21			 int	 21h
   2532	330D  1F			 pop	 ds
   2533
   2534					 ; Enable IRQ at PIC
   2535	330E  A0 0119r			 mov	 al, CfgData.IRQNum
   2536	3311  3C 08			 cmp	 al, 8
   2537	3313  72 12			 jb	 EnablePIC1
   2538
   2539					 ; Enable on secondary PIC
   2540	3315  2C 08			 sub	 al, 8
   2541	3317  8A C8			 mov	 cl, al
   2542	3319  B5 01			 mov	 ch, 1
   2543	331B  D2 E5			 shl	 ch, cl
   2544	331D  F6 D5			 not	 ch		     ; CH = mask with IRQ bit cleared
   2545
   2546	331F  E4 A1			 in	 al, 0A1h	     ; Read PIC2 mask
   2547	3321  22 C5			 and	 al, ch		     ; Clear the IRQ bit
   2548	3323  E6 A1			 out	 0A1h, al
   2549	3325  EB 0E			 jmp	 EnableDone
   2550
   2551	3327			     EnablePIC1:
   2552	3327  8A C8			 mov	 cl, al
   2553	3329  B5 01			 mov	 ch, 1
   2554	332B  D2 E5			 shl	 ch, cl
   2555	332D  F6 D5			 not	 ch		     ; CH = mask with IRQ bit cleared
   2556
   2557	332F  E4 21			 in	 al, 021h	     ; Read PIC1 mask
   2558	3331  22 C5			 and	 al, ch		     ; Clear the IRQ bit
   2559	3333  E6 21			 out	 021h, al
   2560
   2561	3335			     EnableDone:
   2562	3335  F8			 clc
   2563	3336  07			 pop	 es
   2564	3337  1F			 pop	 ds
   2565	3338  5A			 pop	 dx
Turbo Assembler	 Version 4.1	    04/04/26 20:56:31	    Page 46
DCEMLID.ASM



   2566	3339  5B			 pop	 bx
   2567	333A  58			 pop	 ax
   2568	333B  C3			 ret
   2569	333C			     HookHardwareInterrupt ENDP
   2570
   2571				     ;=============================================================================
   2572				     ; HookTimerInt - Hook INT 1Ch for verbose mode statistics display
   2573				     ;=============================================================================
   2574
   2575	333C			     HookTimerInt PROC
   2576	333C  50			 push	 ax
   2577	333D  53			 push	 bx
   2578	333E  52			 push	 dx
   2579	333F  06			 push	 es
   2580
   2581					 ; Get current INT 1Ch vector
   2582	3340  B8 351C			 mov	 ax, 351Ch
   2583	3343  CD 21			 int	 21h
   2584	3345  89 1E 29F9r		 mov	 OldInt1C_Off, bx
   2585	3349  8C 06 29FBr		 mov	 OldInt1C_Seg, es
   2586
   2587					 ; Set new INT 1Ch vector
   2588	334D  BA 3360r			 mov	 dx, offset TimerISR
   2589	3350  B8 251C			 mov	 ax, 251Ch
   2590	3353  CD 21			 int	 21h
   2591
   2592					 ; Initialize tick counter
   2593	3355  C7 06 29FDr 005A		 mov	 VerboseTicks, VERBOSE_INTERVAL
   2594
   2595	335B  07			 pop	 es
   2596	335C  5A			 pop	 dx
   2597	335D  5B			 pop	 bx
   2598	335E  58			 pop	 ax
   2599	335F  C3			 ret
   2600	3360			     HookTimerInt ENDP
   2601
   2602				     ;=============================================================================
   2603				     ; TimerISR	- Timer	interrupt (INT 1Ch) handler for	verbose	stats
   2604				     ;=============================================================================
   2605
   2606	3360			     TimerISR PROC FAR
   2607	3360  9C			 pushf
   2608
   2609					 ; Decrement tick counter
   2610	3361  2E: FF 0E	29FDr		 dec	 cs:VerboseTicks
   2611	3366  75 52			 jnz	 TimerISRChain
   2612
   2613					 ; Reset counter
   2614	3368  2E: C7 06	29FDr 005A	 mov	 cs:VerboseTicks, VERBOSE_INTERVAL
   2615
   2616					 ; Display statistics (save all	registers)
   2617	336F  50			 push	 ax
   2618	3370  53			 push	 bx
   2619	3371  51			 push	 cx
   2620	3372  52			 push	 dx
   2621	3373  56			 push	 si
   2622	3374  57			 push	 di
Turbo Assembler	 Version 4.1	    04/04/26 20:56:31	    Page 47
DCEMLID.ASM



   2623	3375  1E			 push	 ds
   2624	3376  06			 push	 es
   2625
   2626					 ; Set DS to our segment
   2627	3377  0E			 push	 cs
   2628	3378  1F			 pop	 ds
   2629
   2630					 ; Print stats header (cursor return, overwrite	line)
   2631	3379  B2 0D			 mov	 dl, 0Dh	     ; CR only (no LF, overwrite line)
   2632	337B  B4 02			 mov	 ah, 02h
   2633	337D  CD 21			 int	 21h
   2634
   2635					 ; Print "TX:"
   2636	337F  BA 2005r			 lea	 dx, MsgStatsTX
   2637	3382  B4 09			 mov	 ah, 09h
   2638	3384  CD 21			 int	 21h
   2639
   2640					 ; Print TX count
   2641	3386  A1 016Br			 mov	 ax, word ptr Statistics.TxPackets
   2642	3389  E8 115E			 call	 PrintDecimal
   2643
   2644					 ; Print " RX:"
   2645	338C  BA 2009r			 lea	 dx, MsgStatsRX
   2646	338F  B4 09			 mov	 ah, 09h
   2647	3391  CD 21			 int	 21h
   2648
   2649					 ; Print RX count
   2650	3393  A1 0173r			 mov	 ax, word ptr Statistics.RxPackets
   2651	3396  E8 1151			 call	 PrintDecimal
   2652
   2653					 ; Print " Err:"
   2654	3399  BA 200Er			 lea	 dx, MsgStatsErr
   2655	339C  B4 09			 mov	 ah, 09h
   2656	339E  CD 21			 int	 21h
   2657
   2658					 ; Print CRC errors
   2659	33A0  A1 017Br			 mov	 ax, word ptr Statistics.CRCErrors
   2660	33A3  E8 1144			 call	 PrintDecimal
   2661
   2662					 ; Print spaces	to clear rest of line
   2663	33A6  B2 20			 mov	 dl, ' '
   2664	33A8  B4 02			 mov	 ah, 02h
   2665	33AA  CD 21			 int	 21h
   2666	33AC  CD 21			 int	 21h
   2667	33AE  CD 21			 int	 21h
   2668	33B0  CD 21			 int	 21h
   2669
   2670	33B2  07			 pop	 es
   2671	33B3  1F			 pop	 ds
   2672	33B4  5F			 pop	 di
   2673	33B5  5E			 pop	 si
   2674	33B6  5A			 pop	 dx
   2675	33B7  59			 pop	 cx
   2676	33B8  5B			 pop	 bx
   2677	33B9  58			 pop	 ax
   2678
   2679	33BA			     TimerISRChain:
Turbo Assembler	 Version 4.1	    04/04/26 20:56:31	    Page 48
DCEMLID.ASM



   2680	33BA  9D			 popf
   2681
   2682					 ; Chain to old	handler
   2683	33BB  2E: FF 2E	29F9r		 jmp	 dword ptr cs:OldInt1C_Off
   2684	33C0			     TimerISR ENDP
   2685
   2686				     ;=============================================================================
   2687				     ; RegisterWithLSL - Register MLID with Link Support Layer
   2688				     ; Output: CF=1 on error
   2689				     ;=============================================================================
   2690
   2691				     ; MLID Configuration Table	for ODI	2.x (LSL 2.14) - Table 03002
   2692				     ; This is the full	official ODI MLID configuration	table format
   2693	*3C0			     MLIDConfig	STRUC
   2694	*000  01*(1A*(??))		 Signature		 DB 26 DUP(?)	 ; 00h:	'HardwareDriverMLID	   ' (8	spaces)
   2695	*01A  01*(??)			 MConfigTableMajorVer	 DB ?		 ; 1Ah:	Configuration table major version
   2696	*01B  01*(??)			 MConfigTableMinorVer	 DB ?		 ; 1Bh:	Configuration table minor version
   2697	*01C  01*(06*(??))		 NodeAddress		 DB 6 DUP(?)	 ; 1Ch:	6-byte node address
   2698	*022  01*(????)			 ModeFlags		 DW ?		 ; 22h:	Mode flags
   2699	*024  01*(????)			 BoardNumber		 DW ?		 ; 24h:	Board number (filled by	LSL)
   2700	*026  01*(????)			 BoardInstance		 DW ?		 ; 26h:	Board instance
   2701	*028  01*(????)			 MaxDataSize		 DW ?		 ; 28h:	Maximum	packet size
   2702	*02A  01*(????)			 BestDataSize		 DW ?		 ; 2Ah:	Best data size
   2703	*02C  01*(????)			 WorstDataSize		 DW ?		 ; 2Ch:	Worst data size
   2704	*02E  01*(????????)		 NICLongName		 DD ?		 ; 2Eh:	Far ptr	to counted NUL-term long name
   2705	*032  01*(????????)		 NICShortName		 DD ?		 ; 32h:	Far ptr	to counted NUL-term short name
   2706	*036  01*(????????)		 FrameMediaType		 DD ?		 ; 36h:	Far ptr	to frame/media type string
   2707	*03A  01*(????)			 Reserved1		 DW ?		 ; 3Ah:	Reserved (0000h)
   2708	*03C  01*(????)			 FrameTypeID		 DW ?		 ; 3Ch:	Frame type ID
   2709	*03E  01*(????)			 TransportTime		 DW ?		 ; 3Eh:	Transport time (ms)
   2710	*040  01*(????????)		 SourceRouteHandler	 DD ?		 ; 40h:	Far ptr	to source route	handler
   2711	*044  01*(????)			 LookAheadSize		 DW ?		 ; 44h:	Lookahead size
   2712	*046  01*(????)			 LineSpeed		 DW ?		 ; 46h:	Line speed (Mbps or Kbps+8000h)
   2713	*048  01*(????)			 QueueDepth		 DW ?		 ; 48h:	Queue depth
   2714	*04A  01*(06*(??))		 Reserved2		 DB 6 DUP(?)	 ; 4Ah:	Reserved
   2715	*050  01*(??)			 DriverMajorVer		 DB ?		 ; 50h:	Driver major version
   2716	*051  01*(??)			 DriverMinorVer		 DB ?		 ; 51h:	Driver minor version
   2717	*052  01*(????)			 BusMulticastFlags	 DW ?		 ; 52h:	Bus/multicast flags
   2718	*054  01*(????)			 SendRetries		 DW ?		 ; 54h:	Send retries
   2719	*056  01*(????????)		 ConfigTableLink	 DD ?		 ; 56h:	Config table link
   2720	*05A  01*(????)			 SharingFlags		 DW ?		 ; 5Ah:	MLID sharing flags
   2721	*05C  01*(????)			 SlotNumber		 DW ?		 ; 5Ch:	Slot number
   2722	*05E  01*(????)			 IOAddr1		 DW ?		 ; 5Eh:	I/O address 1
   2723	*060  01*(????)			 IORange1		 DW ?		 ; 60h:	I/O range 1
   2724	*062  01*(????)			 IOAddr2		 DW ?		 ; 62h:	I/O address 2
   2725	*064  01*(????)			 IORange2		 DW ?		 ; 64h:	I/O range 2
   2726	*066  01*(????????)		 MemAddr1		 DD ?		 ; 66h:	Memory address 1
   2727	*06A  01*(????)			 MemSize1		 DW ?		 ; 6Ah:	Memory size 1
   2728	*06C  01*(????????)		 MemAddr2		 DD ?		 ; 6Ch:	Memory address 2
   2729	*070  01*(????)			 MemSize2		 DW ?		 ; 70h:	Memory size 2
   2730	*072  01*(??)			 IRQLine1		 DB ?		 ; 72h:	Interrupt line 1
   2731	*073  01*(??)			 IRQLine2		 DB ?		 ; 73h:	Interrupt line 2
   2732	*074  01*(??)			 DMALine1		 DB ?		 ; 74h:	DMA line 1
   2733	*075  01*(??)			 DMALine2		 DB ?		 ; 75h:	DMA line 2
   2734	*076			     MLIDConfig	ENDS
   2735
   2736				     ; LSL Information Block returned from registration	- Table	02991
Turbo Assembler	 Version 4.1	    04/04/26 20:56:31	    Page 49
DCEMLID.ASM



   2737	*3C0			     LSLInfoBlock STRUC
   2738	*000  01*(????????)		 LSLEntryPoint		 DD ?		 ; 00h:	Entry point (BX=function 00h-11h)
   2739	*004  01*(????)			 LSLInfo1		 DW ?		 ; 04h:	???
   2740	*006  01*(????)			 LSLInfo2		 DW ?		 ; 06h:	???
   2741	*008			     LSLInfoBlock ENDS
   2742
   2743				     ; MLID Info Block for LSL registration - Table 02990
   2744				     ; This wrapper is required	for RegisterMLID (BX=0001h)
   2745				     ; ES:SI must point	to this	structure, NOT directly	to the config table
   2746	*3C0			     MLIDInfoBlock STRUC
   2747	*000  01*(????????)		 MIBS_SendEntry		 DD ?		 ; 00h:	Far ptr	to MLID	Send handler
   2748	*004  01*(????????)		 MIBS_ControlEntry	 DD ?		 ; 04h:	Far ptr	to MLID	Control	handler
   2749	*008  01*(????????)		 MIBS_ConfigTable	 DD ?		 ; 08h:	Far ptr	to MLID	Config table
   2750	*00C			     MLIDInfoBlock ENDS
   2751
   2752				     ; LookAheadStruc -	Required for packet reception (ODI Spec	page 11-14)
   2753				     ; This structure is passed	to GetStackECB to obtain an ECB	from protocol stack
   2754	*3C0			     LookAheadStruc STRUC
   2755	*000  01*(????????)		 LMediaHeaderPtr	 DD ?		 ; 00h:	Far ptr	to media header
   2756	*004  01*(????????)		 LookAheadPtr		 DD ?		 ; 04h:	Far ptr	to lookahead data
   2757	*008  01*(????)			 LookAheadLen		 DW ?		 ; 08h:	Length of lookahead data
   2758	*00A  01*(06*(??))		 LProtID		 DB 6 DUP(?)	 ; 0Ah:	Protocol ID (6 bytes)
   2759	*010  01*(????)			 LBoardNum		 DW ?		 ; 10h:	Logical	board number
   2760	*012  01*(????)			 LDataSize		 DW ?		 ; 12h:	Total packet data size
   2761	*014  01*(06*(??))		 LImmAddress		 DB 6 DUP(?)	 ; 14h:	Immediate (source) address
   2762	*01A  01*(????)			 LPacketAttrib		 DW ?		 ; 1Ah:	Packet attributes
   2763	*01C  01*(????)			 LDestType		 DW ?		 ; 1Ch:	Destination type (0=unicast, 1=multi,	    +
   2764				     2=broad)
   2765	*01E  01*(????)			 LStartCopyOffset	 DW ?		 ; 1Eh:	Start copy offset (set by protocol)
   2766	*020  01*(??)			 LPriorityLevel		 DB ?		 ; 20h:	Priority level
   2767	*021  01*(03*(??))		 LRESERVED		 DB 3 DUP(?)	 ; 21h:	Reserved
   2768	*024			     LookAheadStruc ENDS
   2769
   2770				     ; LSL MLID	Support	function numbers
   2771	      =0000		     MLIDSUP_GET_ECB		 EQU 0
   2772	      =0001		     MLIDSUP_RETURN_ECB		 EQU 1
   2773	      =0002		     MLIDSUP_DEFRAG_ECB		 EQU 2
   2774	      =0003		     MLIDSUP_SCHEDULE_AES	 EQU 3
   2775	      =0004		     MLIDSUP_CANCEL_AES		 EQU 4
   2776	      =0005		     MLIDSUP_GET_INTERVAL	 EQU 5
   2777	      =0006		     MLIDSUP_DEREGISTER_MLID	 EQU 6
   2778	      =0007		     MLIDSUP_HOLD_RECV_EVENT	 EQU 7
   2779	      =0008		     MLIDSUP_START_CRITICAL	 EQU 8
   2780	      =0009		     MLIDSUP_END_CRITICAL	 EQU 9
   2781	      =000A		     MLIDSUP_CRITICAL_STATUS	 EQU 0Ah
   2782	      =000B		     MLIDSUP_SERVICE_EVENTS	 EQU 0Bh
   2783	      =000E		     MLIDSUP_SEND_COMPLETE	 EQU 0Eh
   2784	      =000F		     MLIDSUP_ADD_PID		 EQU 0Fh
   2785	      =0010		     MLIDSUP_GET_STACK_ECB	 EQU 10h
   2786	      =0011		     MLIDSUP_CONTROL_FILTER	 EQU 11h
   2787
   2788				     ; Interface Function Table	for ODI	2.x
   2789	*3C0			     MLIDFuncTable STRUC
   2790	*000  01*(????????)		 GetStatistics		 DD ?
   2791	*004  01*(????????)		 AddMulticast		 DD ?
   2792	*008  01*(????????)		 DeleteMulticast	 DD ?
   2793	*00C  01*(????????)		 MLIDShutdown		 DD ?
Turbo Assembler	 Version 4.1	    04/04/26 20:56:31	    Page 50
DCEMLID.ASM



   2794	*010  01*(????????)		 MLIDReset		 DD ?
   2795	*014  01*(03*(????????))	 Reserved		 DD 3 DUP(?)
   2796	*020			     MLIDFuncTable ENDS
   2797
   2798				     ; String data for registration - ODI uses "counted	NUL-terminated"	strings
   2799				     ; Format: length byte, string chars, NUL terminator
   2800	33C0  17 44 43 45 4D 4C	49+  NICLongNameStr	 DB 23,'DCEMLID	Serial/Parallel',0
   2801	      44 20 53 65 72 69	61+
   2802	      6C 2F 50 61 72 61	6C+
   2803	      6C 65 6C 00
   2804	33D9  07 44 43 45 4D 4C	49+  NICShortNameStr	 DB 7,'DCEMLID',0
   2805	      44 00
   2806	33E2  0E 45 74 68 65 72	6E+  FrameMediaTypeStr	 DB 14,'Ethernet_802.2',0  ; Frame/media type (14 chars)
   2807	      65 74 5F 38 30 32	2E+
   2808	      32 00
   2809
   2810				     ; LSL info	block buffer (filled by	LSL on registration)
   2811	33F2  08*(??)		     LSLInfoBuf		 LSLInfoBlock <>
   2812
   2813				     ; MLID Info Block for registration	(ES:SI points here)
   2814	33FA  0C*(??)		     MLIDInfoBlockData	 MLIDInfoBlock <>
   2815
   2816				     ; LookAhead buffer	for packet reception (passed to	GetStackECB)
   2817	3406  24*(??)		     RxLookAhead	 LookAheadStruc	<>
   2818
   2819				     ; Function	table
   2820	342A  20*(??)		     MLIDFunctions   MLIDFuncTable <>
   2821
   2822				     ; MLID Configuration Table	- initialized with signature
   2823				     ; Note: '>' is default initializer	followed by per-field values
   2824	344A  48 61 72 64 77 61	72+  MLIDConfigTable MLIDConfig	<'HardwareDriverMLID	    ', 01h, 00h>
   2825	      65 44 72 69 76 65	72+
   2826	      4D 4C 49 44 20 20	20+
   2827	      20 20 20 20 20 01	00+
   2828	      5A*(??)
   2829
   2830	34C0			     RegisterWithLSL PROC
   2831	34C0  50			 push	 ax
   2832	34C1  53			 push	 bx
   2833	34C2  51			 push	 cx
   2834	34C3  52			 push	 dx
   2835	34C4  06			 push	 es
   2836	34C5  57			 push	 di
   2837	34C6  56			 push	 si
   2838
   2839					 ; Fill	in configuration table
   2840					 ; Copy	node address (6	bytes =	3 words)
   2841	34C7  1E			 push	 ds
   2842	34C8  07			 pop	 es
   2843	34C9  BE 0113r			 lea	 si, CfgData.MacAddr
   2844	34CC  BF 3466r			 lea	 di, MLIDConfigTable.NodeAddress
   2845	34CF  B9 0003			 mov	 cx, 3
   2846	34D2  F3> A5			 rep	 movsw
   2847
   2848					 ; Set mode flags (bit 0 = RealDriverBit, always 1)
   2849	34D4  C7 06 346Cr 0001		 mov	 MLIDConfigTable.ModeFlags, 0001h
   2850
Turbo Assembler	 Version 4.1	    04/04/26 20:56:31	    Page 51
DCEMLID.ASM



   2851					 ; Board instance from config
   2852	34DA  A1 011Cr			 mov	 ax, CfgData.BoardNum
   2853	34DD  A3 3470r			 mov	 MLIDConfigTable.BoardInstance,	ax
   2854
   2855					 ; Packet sizes
   2856	34E0  C7 06 3472r 0240		 mov	 MLIDConfigTable.MaxDataSize, MTU_SIZE
   2857	34E6  C7 06 3474r 0240		 mov	 MLIDConfigTable.BestDataSize, MTU_SIZE
   2858	34EC  C7 06 3476r 0040		 mov	 MLIDConfigTable.WorstDataSize,	64
   2859
   2860					 ; Set string pointers (counted	NUL-terminated strings)
   2861	34F2  8C C8			 mov	 ax, cs
   2862	34F4  A3 347Ar			 mov	 word ptr MLIDConfigTable.NICLongName[2], ax
   2863	34F7  BB 33C0r			 lea	 bx, NICLongNameStr
   2864	34FA  89 1E 3478r		 mov	 word ptr MLIDConfigTable.NICLongName[0], bx
   2865
   2866	34FE  A3 347Er			 mov	 word ptr MLIDConfigTable.NICShortName[2], ax
   2867	3501  BB 33D9r			 lea	 bx, NICShortNameStr
   2868	3504  89 1E 347Cr		 mov	 word ptr MLIDConfigTable.NICShortName[0], bx
   2869
   2870	3508  A3 3482r			 mov	 word ptr MLIDConfigTable.FrameMediaType[2], ax
   2871	350B  BB 33E2r			 lea	 bx, FrameMediaTypeStr
   2872	350E  89 1E 3480r		 mov	 word ptr MLIDConfigTable.FrameMediaType[0], bx
   2873
   2874					 ; Reserved field
   2875	3512  C7 06 3484r 0000		 mov	 MLIDConfigTable.Reserved1, 0
   2876
   2877					 ; Frame type (from config, default: Ethernet_802.2 = 0005h)
   2878	3518  A1 011Fr			 mov	 ax, CfgData.FrameType
   2879	351B  A3 3486r			 mov	 MLIDConfigTable.FrameTypeID, ax
   2880
   2881					 ; Transport time, line	speed
   2882	351E  C7 06 3488r 0001		 mov	 MLIDConfigTable.TransportTime,	1
   2883	3524  C7 06 3490r 8073		 mov	 MLIDConfigTable.LineSpeed, 8000h + 115	 ; 115 Kbps (high bit =	Kbps)
   2884	352A  C7 06 348Er 0040		 mov	 MLIDConfigTable.LookAheadSize,	64
   2885	3530  C7 06 3492r 0004		 mov	 MLIDConfigTable.QueueDepth, 4
   2886
   2887					 ; No source route handler
   2888	3536  C7 06 348Ar 0000		 mov	 word ptr MLIDConfigTable.SourceRouteHandler[0], 0
   2889	353C  C7 06 348Cr 0000		 mov	 word ptr MLIDConfigTable.SourceRouteHandler[2], 0
   2890
   2891					 ; Clear reserved bytes
   2892	3542  BF 3494r			 lea	 di, MLIDConfigTable.Reserved2
   2893	3545  B9 0006			 mov	 cx, 6
   2894	3548  32 C0			 xor	 al, al
   2895	354A  F3> AA			 rep	 stosb
   2896
   2897					 ; Driver version
   2898	354C  C6 06 349Ar 01		 mov	 MLIDConfigTable.DriverMajorVer, 1
   2899	3551  C6 06 349Br 00		 mov	 MLIDConfigTable.DriverMinorVer, 0
   2900
   2901					 ; Bus/multicast flags (ISA card)
   2902	3556  C7 06 349Cr 0002		 mov	 MLIDConfigTable.BusMulticastFlags, 0002h
   2903
   2904					 ; Send	retries
   2905	355C  C7 06 349Er 0003		 mov	 MLIDConfigTable.SendRetries, 3
   2906
   2907					 ; Config table	link (none)
Turbo Assembler	 Version 4.1	    04/04/26 20:56:31	    Page 52
DCEMLID.ASM



   2908	3562  C7 06 34A0r 0000		 mov	 word ptr MLIDConfigTable.ConfigTableLink[0], 0
   2909	3568  C7 06 34A2r 0000		 mov	 word ptr MLIDConfigTable.ConfigTableLink[2], 0
   2910
   2911					 ; Sharing flags
   2912	356E  C7 06 34A4r 0000		 mov	 MLIDConfigTable.SharingFlags, 0
   2913
   2914					 ; Slot	number (N/A)
   2915	3574  C7 06 34A6r 0000		 mov	 MLIDConfigTable.SlotNumber, 0
   2916
   2917					 ; I/O addresses from config
   2918	357A  A1 010Cr			 mov	 ax, CfgData.Port
   2919	357D  A3 34A8r			 mov	 MLIDConfigTable.IOAddr1, ax
   2920	3580  C7 06 34AAr 0008		 mov	 MLIDConfigTable.IORange1, 8	     ; 8 bytes for COM port
   2921	3586  C7 06 34ACr 0000		 mov	 MLIDConfigTable.IOAddr2, 0
   2922	358C  C7 06 34AEr 0000		 mov	 MLIDConfigTable.IORange2, 0
   2923
   2924					 ; Memory addresses (none)
   2925	3592  C7 06 34B0r 0000		 mov	 word ptr MLIDConfigTable.MemAddr1[0], 0
   2926	3598  C7 06 34B2r 0000		 mov	 word ptr MLIDConfigTable.MemAddr1[2], 0
   2927	359E  C7 06 34B4r 0000		 mov	 MLIDConfigTable.MemSize1, 0
   2928	35A4  C7 06 34B6r 0000		 mov	 word ptr MLIDConfigTable.MemAddr2[0], 0
   2929	35AA  C7 06 34B8r 0000		 mov	 word ptr MLIDConfigTable.MemAddr2[2], 0
   2930	35B0  C7 06 34BAr 0000		 mov	 MLIDConfigTable.MemSize2, 0
   2931
   2932					 ; IRQ and DMA
   2933	35B6  A0 0119r			 mov	 al, CfgData.IRQNum
   2934	35B9  A2 34BCr			 mov	 MLIDConfigTable.IRQLine1, al
   2935	35BC  C6 06 34BDr 00		 mov	 MLIDConfigTable.IRQLine2, 0
   2936	35C1  C6 06 34BEr 00		 mov	 MLIDConfigTable.DMALine1, 0
   2937	35C6  C6 06 34BFr 00		 mov	 MLIDConfigTable.DMALine2, 0
   2938
   2939					 ; Set up interface function table
   2940	35CB  8C 0E 342Cr		 mov	 word ptr MLIDFunctions.GetStatistics[2], cs
   2941	35CF  BB 3688r			 lea	 bx, MLIDGetStats
   2942	35D2  89 1E 342Ar		 mov	 word ptr MLIDFunctions.GetStatistics[0], bx
   2943
   2944	35D6  8C 0E 3430r		 mov	 word ptr MLIDFunctions.AddMulticast[2], cs
   2945	35DA  BB 3690r			 lea	 bx, MLIDAddMulticast
   2946	35DD  89 1E 342Er		 mov	 word ptr MLIDFunctions.AddMulticast[0], bx
   2947
   2948	35E1  8C 0E 3434r		 mov	 word ptr MLIDFunctions.DeleteMulticast[2], cs
   2949	35E5  BB 3694r			 lea	 bx, MLIDDelMulticast
   2950	35E8  89 1E 3432r		 mov	 word ptr MLIDFunctions.DeleteMulticast[0], bx
   2951
   2952	35EC  8C 0E 3438r		 mov	 word ptr MLIDFunctions.MLIDShutdown[2], cs
   2953	35F0  BB 3698r			 lea	 bx, MLIDShutdownProc
   2954	35F3  89 1E 3436r		 mov	 word ptr MLIDFunctions.MLIDShutdown[0], bx
   2955
   2956	35F7  8C 0E 343Cr		 mov	 word ptr MLIDFunctions.MLIDReset[2], cs
   2957	35FB  BB 36A0r			 lea	 bx, MLIDResetProc
   2958	35FE  89 1E 343Ar		 mov	 word ptr MLIDFunctions.MLIDReset[0], bx
   2959
   2960					 ; Initialize MLIDInfoBlockData	with function pointers and config table
   2961	3602  C7 06 33FAr 400Er		 mov	 word ptr MLIDInfoBlockData.MIBS_SendEntry[0], OFFSET MLIDTransmitHandler
   2962	3608  8C 0E 33FCr		 mov	 word ptr MLIDInfoBlockData.MIBS_SendEntry[2], cs
   2963	360C  C7 06 33FEr 42B8r		 mov	 word ptr MLIDInfoBlockData.MIBS_ControlEntry[0], OFFSET MLIDControlHandler
   2964	3612  8C 0E 3400r		 mov	 word ptr MLIDInfoBlockData.MIBS_ControlEntry[2], cs
Turbo Assembler	 Version 4.1	    04/04/26 20:56:31	    Page 53
DCEMLID.ASM



   2965	3616  C7 06 3402r 344Ar		 mov	 word ptr MLIDInfoBlockData.MIBS_ConfigTable[0], OFFSET	MLIDConfigTable
   2966	361C  8C 0E 3404r		 mov	 word ptr MLIDInfoBlockData.MIBS_ConfigTable[2], cs
   2967
   2968					 ; Register with LSL via entry point
   2969					 ; LSL 2.x calling convention (Table 02986, 02990):
   2970					 ; BX =	function code (0001h = RegisterMLID)
   2971					 ; ES:SI = pointer to MLIDInfoBlock (SendEntry,	ControlEntry, ConfigTable)
   2972					 ; DS:DI = buffer for LSL information block (Table 02991)
   2973					 ; Returns: AX = 0 on success, non-zero	on error
   2974					 ;	    BX = board number assigned by LSL
   2975	3620  1E			 push	 ds
   2976	3621  07			 pop	 es
   2977	3622  BE 33FAr			 lea	 si, MLIDInfoBlockData	 ; Point to info block wrapper,	NOT config table
   2978	3625  BF 33F2r			 lea	 di, LSLInfoBuf
   2979
   2980					 ; Debug: print	function call info
   2981	3628  80 3E 29F7r 01		 cmp	 CmdDebug, 1
   2982	362D  75 09			 jne	 SkipDbgCallLSL
   2983	362F  52			 push	 dx
   2984	3630  BA 2372r			 lea	 dx, MsgDbgCallLSL
   2985	3633  B4 09			 mov	 ah, 09h
   2986	3635  CD 21			 int	 21h
   2987	3637  5A			 pop	 dx
   2988	3638			     SkipDbgCallLSL:
   2989
   2990	3638  BB 0001			 mov	 bx, 0001h		 ; Function 0001h: RegisterMLID	(LSL 2.x)
   2991	363B  FF 1E 0198r		 call	 dword ptr [LSLEntryOff]
   2992
   2993					 ; Check return	status
   2994	363F  3D 0000			 cmp	 ax, 0
   2995	3642  74 23			 je	 RegisterOK
   2996
   2997					 ; Debug: print	failure	and return code
   2998	3644  50			 push	 ax		     ; Save return code
   2999	3645  80 3E 29F7r 01		 cmp	 CmdDebug, 1
   3000	364A  75 17			 jne	 SkipDbgLSLFail
   3001	364C  52			 push	 dx
   3002	364D  BA 2354r			 lea	 dx, MsgDbgLSLFail
   3003	3650  B4 09			 mov	 ah, 09h
   3004	3652  CD 21			 int	 21h
   3005	3654  5A			 pop	 dx
   3006	3655  58			 pop	 ax
   3007	3656  50			 push	 ax
   3008	3657  E8 0E61			 call	 PrintHexWord
   3009	365A  52			 push	 dx
   3010	365B  BA 2361r			 lea	 dx, MsgDbgLSLRet
   3011	365E  B4 09			 mov	 ah, 09h
   3012	3660  CD 21			 int	 21h
   3013	3662  5A			 pop	 dx
   3014	3663			     SkipDbgLSLFail:
   3015	3663  58			 pop	 ax
   3016	3664  F9			 stc
   3017	3665  EB 19			 jmp	 RegisterDone
   3018
   3019	3667			     RegisterOK:
   3020					 ; Save	board number assigned by LSL (returned in BX)
   3021	3667  89 1E 346Er		 mov	 MLIDConfigTable.BoardNumber, bx
Turbo Assembler	 Version 4.1	    04/04/26 20:56:31	    Page 54
DCEMLID.ASM



   3022	366B  89 1E 019Er		 mov	 LSLBoardNum, bx
   3023
   3024					 ; Debug: print	OK
   3025	366F  80 3E 29F7r 01		 cmp	 CmdDebug, 1
   3026	3674  75 09			 jne	 SkipDbgLSLOK
   3027	3676  52			 push	 dx
   3028	3677  BA 22FEr			 lea	 dx, MsgDbgOK
   3029	367A  B4 09			 mov	 ah, 09h
   3030	367C  CD 21			 int	 21h
   3031	367E  5A			 pop	 dx
   3032	367F			     SkipDbgLSLOK:
   3033	367F  F8			 clc
   3034
   3035	3680			     RegisterDone:
   3036	3680  5E			 pop	 si
   3037	3681  5F			 pop	 di
   3038	3682  07			 pop	 es
   3039	3683  5A			 pop	 dx
   3040	3684  59			 pop	 cx
   3041	3685  5B			 pop	 bx
   3042	3686  58			 pop	 ax
   3043	3687  C3			 ret
   3044	3688			     RegisterWithLSL ENDP
   3045
   3046				     ;=============================================================================
   3047				     ; MLID Interface Functions	(called	by LSL)
   3048				     ;=============================================================================
   3049
   3050	3688			     MLIDGetStats PROC FAR
   3051					 ; Return pointer to statistics	in ES:SI
   3052	3688  1E			 push	 ds
   3053	3689  07			 pop	 es
   3054	368A  BE 016Br			 lea	 si, Statistics
   3055	368D  33 C0			 xor	 ax, ax		     ; Success
   3056	368F  CB			 retf
   3057	3690			     MLIDGetStats ENDP
   3058
   3059	3690			     MLIDAddMulticast PROC FAR
   3060					 ; Add multicast address - not supported for serial
   3061	3690  B8 0001			 mov	 ax, 1		     ; Not supported
   3062	3693  CB			 retf
   3063	3694			     MLIDAddMulticast ENDP
   3064
   3065	3694			     MLIDDelMulticast PROC FAR
   3066					 ; Delete multicast address - not supported for	serial
   3067	3694  B8 0001			 mov	 ax, 1		     ; Not supported
   3068	3697  CB			 retf
   3069	3698			     MLIDDelMulticast ENDP
   3070
   3071	3698			     MLIDShutdownProc PROC FAR
   3072					 ; Shutdown the	MLID
   3073					 ; Entry: AX = board number, CX	= 0000h	for permanent, non-zero	for temporary
   3074					 ; NOTE: This just clears internal state. Deregistration from LSL must be
   3075					 ; done	by UnloadDriver	with proper segment setup.
   3076	3698  C6 06 018Cr 00		 mov	 DriverActive, 0
   3077	369D  33 C0			 xor	 ax, ax
   3078	369F  CB			 retf
Turbo Assembler	 Version 4.1	    04/04/26 20:56:31	    Page 55
DCEMLID.ASM



   3079	36A0			     MLIDShutdownProc ENDP
   3080
   3081	36A0			     MLIDResetProc PROC	FAR
   3082					 ; Reset the MLID - reinitialize buffers
   3083	36A0  C6 06 01D4r 00		 mov	 RxState, 0	     ; STATE_IDLE = 0
   3084	36A5  C7 06 01D6r 0000		 mov	 RxBufIdx, 0
   3085	36AB  C6 06 01A9r 00		 mov	 TxPending, 0
   3086	36B0  33 C0			 xor	 ax, ax
   3087	36B2  CB			 retf
   3088	36B3			     MLIDResetProc ENDP
   3089
   3090				     ;=============================================================================
   3091				     ; INT 2Fh Multiplex Handler
   3092				     ;=============================================================================
   3093
   3094				     ; DCEMLID uses C0A0h/C0A1h, LSL uses C000h-C00Fh
   3095				     ; We must check for our specific AL values	to avoid intercepting LSL calls!
   3096
   3097	36B3			     Int2FHandler PROC FAR
   3098	36B3  3D C0A0			 cmp	 ax, 0C0A0h		 ; Installation	check (our specific ID)
   3099	36B6  74 0A			 je	 Mux_InstallCheck
   3100	36B8  3D C0A1			 cmp	 ax, 0C0A1h		 ; Get info subfunction
   3101	36BB  74 0A			 je	 Mux_GetInfo
   3102
   3103					 ; Not ours - chain to previous	handler
   3104	36BD  2E: FF 2E	01A0r		 jmp	 dword ptr cs:[OldInt2F_Off]
   3105
   3106	36C2			     Mux_InstallCheck:
   3107					 ; AL=FFh = installed, ES = TSR	segment
   3108	36C2  B0 FF			 mov	 al, 0FFh
   3109	36C4  0E			 push	 cs
   3110	36C5  07			 pop	 es			 ; Return TSR segment in ES
   3111	36C6  CF			 iret
   3112
   3113	36C7			     Mux_GetInfo:
   3114	36C7  0E			 push	 cs
   3115	36C8  07			 pop	 es			 ; TSR segment in ES
   3116	36C9  2E: 8B 1E	019Er		 mov	 bx, cs:[LSLBoardNum]	 ; Board number	in BX
   3117	36CE  B0 FF			 mov	 al, 0FFh
   3118	36D0  CF			 iret
   3119	36D1			     Int2FHandler ENDP
   3120
   3121				     ;=============================================================================
   3122				     ; Serial Port Interrupt Service Routine
   3123				     ;=============================================================================
   3124
   3125	36D1			     SerialISR PROC FAR
   3126	36D1  50			 push	 ax
   3127	36D2  53			 push	 bx
   3128	36D3  51			 push	 cx
   3129	36D4  52			 push	 dx
   3130	36D5  1E			 push	 ds
   3131
   3132	36D6  8C C8			 mov	 ax, cs		     ; .COM file: CS=DS=ES
   3133	36D8  8E D8			 mov	 ds, ax
   3134
   3135	36DA			     SerialISR_Loop:
Turbo Assembler	 Version 4.1	    04/04/26 20:56:31	    Page 56
DCEMLID.ASM



   3136					 ; Read	IIR to determine interrupt source
   3137	36DA  8B 16 010Cr		 mov	 dx, CfgData.Port
   3138	36DE  83 C2 02			 add	 dx, UART_IIR
   3139	36E1  EC			 in	 al, dx
   3140
   3141					 ; Bit 0 = 1 means no interrupt	pending
   3142	36E2  A8 01			 test	 al, 01h
   3143	36E4  74 03 E9 023A		 jnz	 SerialISR_Done
   3144
   3145					 ; Mask	interrupt ID bits (1-2)
   3146	36E9  24 06			 and	 al, 06h
   3147
   3148					 ; Check for Line Status interrupt (IIR=06h) - highest priority
   3149	36EB  3C 06			 cmp	 al, 06h
   3150	36ED  74 0D			 je	 SerialLineStatus
   3151
   3152					 ; Check for Received Data interrupt (IIR=04h)
   3153	36EF  3C 04			 cmp	 al, 04h
   3154	36F1  75 03 E9 0109		 je	 SerialReceive
   3155
   3156					 ; Check for THRE interrupt (IIR=02h)
   3157	36F6  3C 02			 cmp	 al, 02h
   3158	36F8  74 43			 je	 SerialTHRE
   3159
   3160					 ; Modem status	or unknown - ignore
   3161	36FA  EB DE			 jmp	 SerialISR_Loop
   3162
   3163	36FC			     SerialLineStatus:
   3164					 ; Read	LSR to clear interrupt and check errors
   3165	36FC  8B 16 010Cr		 mov	 dx, CfgData.Port
   3166	3700  83 C2 05			 add	 dx, UART_LSR
   3167	3703  EC			 in	 al, dx
   3168
   3169					 ; Check for errors (bits 1-4)
   3170	3704  A8 1E			 test	 al, 1Eh	     ; OE, PE, FE, BI bits
   3171	3706  74 D2			 jz	 SerialISR_Loop	     ; No errors
   3172
   3173					 ; Increment error counter based on error type
   3174	3708  A8 02			 test	 al, 02h	     ; Overrun Error
   3175	370A  74 0C			 jz	 CheckParity
   3176	370C  FF 06 013Dr		 inc	 word ptr MLIDStatistics.MRxOverflow
   3177	3710  83 16 013Fr 00		 adc	 word ptr MLIDStatistics.MRxOverflow+2,	0
   3178					 ; Signal sender to pause on overrun (backpressure)
   3179	3715  E8 0839			 call	 SendBackpressure
   3180	3718			     CheckParity:
   3181	3718  A8 04			 test	 al, 04h	     ; Parity Error
   3182	371A  74 09			 jz	 CheckFraming
   3183	371C  FF 06 014Dr		 inc	 word ptr MLIDStatistics.MRxMiscError
   3184	3720  83 16 014Fr 00		 adc	 word ptr MLIDStatistics.MRxMiscError+2, 0
   3185	3725			     CheckFraming:
   3186	3725  A8 08			 test	 al, 08h	     ; Framing Error
   3187	3727  74 09			 jz	 CheckBreak
   3188	3729  FF 06 014Dr		 inc	 word ptr MLIDStatistics.MRxMiscError
   3189	372D  83 16 014Fr 00		 adc	 word ptr MLIDStatistics.MRxMiscError+2, 0
   3190	3732			     CheckBreak:
   3191	3732  A8 10			 test	 al, 10h	     ; Break Indicator
   3192	3734  74 A4			 jz	 SerialISR_Loop
Turbo Assembler	 Version 4.1	    04/04/26 20:56:31	    Page 57
DCEMLID.ASM



   3193					 ; Break received - reset frame	parser state
   3194	3736  C6 06 01D4r 00		 mov	 RxState, STATE_IDLE
   3195	373B  EB 9D			 jmp	 SerialISR_Loop
   3196
   3197	373D			     SerialTHRE:
   3198					 ; Transmit Holding Register Empty - send next byte if available
   3199	373D  80 3E 01A9r 00		 cmp	 TxPending, 0
   3200	3742  74 96			 je	 SerialISR_Loop	     ; Nothing to send
   3201
   3202					 ; Check if flow control paused
   3203	3744  80 3E 01AAr 00		 cmp	 TxPaused, 0
   3204	3749  75 8F			 jne	 SerialISR_Loop	     ; Paused by XON/XOFF
   3205
   3206					 ; Check if retransmit requested (NAK received)
   3207	374B  80 3E 01ABr 00		 cmp	 TxRetransmit, 0
   3208	3750  74 18			 je	 SerialNoRetransmit
   3209	3752  C6 06 01ABr 00		 mov	 TxRetransmit, 0     ; Clear retransmit	flag
   3210	3757  C7 06 01B1r 0000		 mov	 TxOutPtr, 0	     ; Reset to	start of frame
   3211	375D  FE 06 01ACr		 inc	 TxRetryCount
   3212	3761  80 3E 01ACr 02		 cmp	 TxRetryCount, MAX_RETRIES
   3213	3766  72 02			 jb	 SerialNoRetransmit
   3214					 ; Max retries - fail this transmission
   3215	3768  EB 5A			 jmp	 SerialTxFailed
   3216
   3217	376A			     SerialNoRetransmit:
   3218					 ; Get next byte from TX buffer
   3219	376A  8B 36 01B1r		 mov	 si, TxOutPtr
   3220	376E  3B 36 01AFr		 cmp	 si, TxInPtr
   3221	3772  74 23			 je	 SerialTxEmpty	     ; Buffer empty
   3222
   3223	3774  8A 84 1C41r		 mov	 al, TxFrameBuffer[si]
   3224	3778  46			 inc	 si
   3225	3779  81 FE 0800		 cmp	 si, TX_BUFFER_SIZE
   3226	377D  72 02			 jb	 SerialNoWrap
   3227	377F  33 F6			 xor	 si, si		     ; Wrap around
   3228	3781			     SerialNoWrap:
   3229	3781  89 36 01B1r		 mov	 TxOutPtr, si
   3230
   3231					 ; Send	the byte
   3232	3785  8B 16 010Cr		 mov	 dx, CfgData.Port
   3233	3789  EE			 out	 dx, al
   3234
   3235					 ; Check if buffer now empty
   3236	378A  8B 36 01B1r		 mov	 si, TxOutPtr
   3237	378E  3B 36 01AFr		 cmp	 si, TxInPtr
   3238	3792  74 03 E9 FF43		 jne	 SerialISR_Loop	     ; More data to send
   3239
   3240	3797			     SerialTxEmpty:
   3241					 ; Buffer empty	- disable THRE interrupt
   3242	3797  C6 06 01A9r 00		 mov	 TxPending, 0
   3243	379C  8B 16 010Cr		 mov	 dx, CfgData.Port
   3244	37A0  83 C2 01			 add	 dx, UART_IER
   3245	37A3  EC			 in	 al, dx
   3246	37A4  24 FD			 and	 al, 0FDh	     ; Clear THRE interrupt enable (bit	1)
   3247	37A6  EE			 out	 dx, al
   3248
   3249					 ; Complete current ECB	if any
Turbo Assembler	 Version 4.1	    04/04/26 20:56:31	    Page 58
DCEMLID.ASM



   3250	37A7  06			 push	 es
   3251	37A8  C4 36 01BDr		 les	 si, dword ptr TxCurrentECB
   3252	37AC  83 FE 00			 cmp	 si, 0
   3253	37AF  74 0F			 je	 SerialNoECB
   3254	37B1  83 3E 01BFr 00		 cmp	 word ptr TxCurrentECB+2, 0
   3255	37B6  74 08			 je	 SerialNoECB
   3256	37B8  26: C6 44	09 00		 mov	 byte ptr es:[si+ECB_CompCode],	ECB_SUCCESS
   3257	37BD  E8 0A9D			 call	 CompleteTransmitECB
   3258	37C0			     SerialNoECB:
   3259	37C0  07			 pop	 es
   3260	37C1  E9 FF16			 jmp	 SerialISR_Loop
   3261
   3262	37C4			     SerialTxFailed:
   3263					 ; Max retries exceeded	- fail this transmission
   3264	37C4  C6 06 01A9r 00		 mov	 TxPending, 0
   3265	37C9  C6 06 01ACr 00		 mov	 TxRetryCount, 0     ; Reset for next transmission
   3266	37CE  8B 16 010Cr		 mov	 dx, CfgData.Port
   3267	37D2  83 C2 01			 add	 dx, UART_IER
   3268	37D5  EC			 in	 al, dx
   3269	37D6  24 FD			 and	 al, 0FDh	     ; Disable THRE interrupt
   3270	37D8  EE			 out	 dx, al
   3271
   3272					 ; Update failure statistics
   3273	37D9  FF 06 0151r		 inc	 word ptr MLIDStatistics.MTxRetryCount
   3274	37DD  83 16 0153r 00		 adc	 word ptr MLIDStatistics.MTxRetryCount+2, 0
   3275
   3276					 ; Fail	current	ECB
   3277	37E2  06			 push	 es
   3278	37E3  C4 36 01BDr		 les	 si, dword ptr TxCurrentECB
   3279	37E7  83 FE 00			 cmp	 si, 0
   3280	37EA  74 0F			 je	 SerialTxFailNoECB
   3281	37EC  83 3E 01BFr 00		 cmp	 word ptr TxCurrentECB+2, 0
   3282	37F1  74 08			 je	 SerialTxFailNoECB
   3283	37F3  26: C6 44	09 FD		 mov	 byte ptr es:[si+ECB_CompCode],	ECB_HARDWARE
   3284	37F8  E8 0A62			 call	 CompleteTransmitECB
   3285	37FB			     SerialTxFailNoECB:
   3286	37FB  07			 pop	 es
   3287	37FC  E9 FEDB			 jmp	 SerialISR_Loop
   3288
   3289	37FF			     SerialReceive:
   3290					 ; Read	received data
   3291	37FF  8B 16 010Cr		 mov	 dx, CfgData.Port
   3292	3803  EC			 in	 al, dx
   3293
   3294					 ; Check for XON/XOFF flow control (if enabled)
   3295	3804  80 3E 0112r 01		 cmp	 CfgData.FlowCtrl, 1 ; XON/XOFF	mode?
   3296	3809  75 2F			 jne	 SerialNotXONXOFF
   3297
   3298	380B  3C 13			 cmp	 al, XOFF_CHAR	     ; XOFF received?
   3299	380D  74 06			 je	 SerialXOFF
   3300	380F  3C 11			 cmp	 al, XON_CHAR	     ; XON received?
   3301	3811  74 0A			 je	 SerialXON
   3302	3813  EB 25			 jmp	 SerialNotXONXOFF
   3303
   3304	3815			     SerialXOFF:
   3305					 ; Pause transmission
   3306	3815  C6 06 01AAr 01		 mov	 TxPaused, 1
Turbo Assembler	 Version 4.1	    04/04/26 20:56:31	    Page 59
DCEMLID.ASM



   3307	381A  E9 FEBD			 jmp	 SerialISR_Loop
   3308
   3309	381D			     SerialXON:
   3310					 ; Resume transmission
   3311	381D  C6 06 01AAr 00		 mov	 TxPaused, 0
   3312					 ; Check if we have pending data and restart TX
   3313	3822  80 3E 01A9r 00		 cmp	 TxPending, 0
   3314	3827  75 03 E9 FEAE		 je	 SerialISR_Loop
   3315					 ; Enable THRE interrupt to resume sending
   3316	382C  8B 16 010Cr		 mov	 dx, CfgData.Port
   3317	3830  83 C2 01			 add	 dx, UART_IER
   3318	3833  EC			 in	 al, dx
   3319	3834  0C 02			 or	 al, 02h	     ; Enable THRE interrupt (bit 1)
   3320	3836  EE			 out	 dx, al
   3321	3837  E9 FEA0			 jmp	 SerialISR_Loop
   3322
   3323	383A			     SerialNotXONXOFF:
   3324					 ; Check for ACK
   3325	383A  3C 06			 cmp	 al, ACK_CHAR
   3326	383C  74 45			 je	 HandleACK
   3327
   3328					 ; Check for NAK (retransmit request)
   3329	383E  3C 15			 cmp	 al, NAK_CHAR
   3330	3840  74 06			 je	 HandleNAK
   3331
   3332					 ; Process received byte through frame parser
   3333	3842  E8 01C2			 call	 ProcessReceivedByte
   3334	3845  E9 FE92			 jmp	 SerialISR_Loop
   3335
   3336	3848			     HandleNAK:
   3337					 ; Read	expected sequence number with timeout
   3338	3848  8B 16 010Cr		 mov	 dx, CfgData.Port
   3339	384C  50			 push	 ax
   3340	384D  B9 FFFF			 mov	 cx, 0FFFFh
   3341	3850			     WaitForNAKSeq:
   3342	3850  83 C2 05			 add	 dx, UART_LSR
   3343	3853  EC			 in	 al, dx
   3344	3854  A8 01			 test	 al, 01h	     ; Data ready?
   3345	3856  75 0A			 jnz	 NAKSeqReady
   3346	3858  83 EA 05			 sub	 dx, UART_LSR
   3347	385B  49			 dec	 cx
   3348	385C  75 F2			 jnz	 WaitForNAKSeq
   3349	385E  58			 pop	 ax
   3350	385F  E9 FE78			 jmp	 SerialISR_Loop	     ; Timeout - ignore	NAK
   3351
   3352	3862			     NAKSeqReady:
   3353	3862  83 EA 05			 sub	 dx, UART_LSR
   3354	3865  EC			 in	 al, dx		     ; AL = expected sequence number
   3355	3866  58			 pop	 ax		     ; Restore
   3356
   3357					 ; Update NAK received statistics
   3358	3867  FF 06 0165r		 inc	 word ptr MLIDStatistics.MRxOKMulticastCount
   3359	386B  83 16 0167r 00		 adc	 word ptr MLIDStatistics.MRxOKMulticastCount+2,	0
   3360
   3361					 ; Signal retransmit needed
   3362	3870  C6 06 01ABr 01		 mov	 TxRetransmit, 1
   3363					 ; Enable THRE interrupt to trigger retransmit
Turbo Assembler	 Version 4.1	    04/04/26 20:56:31	    Page 60
DCEMLID.ASM



   3364	3875  8B 16 010Cr		 mov	 dx, CfgData.Port
   3365	3879  83 C2 01			 add	 dx, UART_IER
   3366	387C  EC			 in	 al, dx
   3367	387D  0C 02			 or	 al, 02h
   3368	387F  EE			 out	 dx, al
   3369	3880  E9 FE57			 jmp	 SerialISR_Loop
   3370
   3371	3883			     HandleACK:
   3372					 ; Read	sequence number	with timeout
   3373	3883  8B 16 010Cr		 mov	 dx, CfgData.Port
   3374	3887  50			 push	 ax
   3375	3888  B9 FFFF			 mov	 cx, 0FFFFh	     ; Timeout counter
   3376	388B			     WaitForSeq:
   3377	388B  83 C2 05			 add	 dx, UART_LSR
   3378	388E  EC			 in	 al, dx
   3379	388F  A8 01			 test	 al, 01h	     ; Data ready?
   3380	3891  75 08			 jnz	 SeqDataReady
   3381	3893  83 EA 05			 sub	 dx, UART_LSR	     ; Reset DX	for next iteration
   3382	3896  49			 dec	 cx
   3383	3897  75 F2			 jnz	 WaitForSeq
   3384	3899  EB 29			 jmp	 ACKMismatch	     ; Timeout - treat as mismatch
   3385	389B			     SeqDataReady:
   3386	389B  83 EA 05			 sub	 dx, UART_LSR
   3387	389E  EC			 in	 al, dx		     ; Read sequence number
   3388
   3389					 ; Check if it matches current transmission
   3390	389F  3A 06 1C41r		 cmp	 al, byte ptr TxFrameBuffer
   3391	38A3  75 1F			 jne	 ACKMismatch
   3392
   3393					 ; ACK received, complete current ECB successfully
   3394	38A5  06			 push	 es
   3395	38A6  56			 push	 si
   3396	38A7  C4 36 01BDr		 les	 si, dword ptr TxCurrentECB
   3397	38AB  83 FE 00			 cmp	 si, 0
   3398	38AE  74 0F			 je	 NoCurrentECB
   3399	38B0  83 3E 01BFr 00		 cmp	 word ptr TxCurrentECB+2, 0
   3400	38B5  74 08			 je	 NoCurrentECB
   3401	38B7  26: C6 44	09 00		 mov	 byte ptr es:[si+ECB_CompCode],	ECB_SUCCESS
   3402	38BC  E8 099E			 call	 CompleteTransmitECB
   3403	38BF			     NoCurrentECB:
   3404	38BF  5E			 pop	 si
   3405	38C0  07			 pop	 es
   3406
   3407					 ; Start next transmission
   3408	38C1  E8 07C1			 call	 StartNextTransmit
   3409
   3410	38C4			     ACKMismatch:
   3411	38C4  58			 pop	 ax
   3412
   3413					 ; Check if we should retry
   3414	38C5  80 3E 01ACr 02		 cmp	 TxRetryCount, MAX_RETRIES
   3415	38CA  73 2C			 jae	 ACKRetriesExhausted
   3416
   3417					 ; Increment retry counter
   3418	38CC  FE 06 01ACr		 inc	 TxRetryCount
   3419
   3420					 ; Update retry	statistics
Turbo Assembler	 Version 4.1	    04/04/26 20:56:31	    Page 61
DCEMLID.ASM



   3421	38D0  FF 06 0151r		 inc	 word ptr MLIDStatistics.MTxRetryCount
   3422	38D4  83 16 0153r 00		 adc	 word ptr MLIDStatistics.MTxRetryCount+2, 0
   3423
   3424					 ; Retransmit the current frame
   3425	38D9  06			 push	 es
   3426	38DA  56			 push	 si
   3427	38DB  C4 36 01BDr		 les	 si, dword ptr TxCurrentECB
   3428	38DF  83 FE 00			 cmp	 si, 0
   3429	38E2  74 0F			 je	 ACKNoRetry
   3430	38E4  83 3E 01BFr 00		 cmp	 word ptr TxCurrentECB+2, 0
   3431	38E9  74 08			 je	 ACKNoRetry
   3432
   3433					 ; Retransmit the frame	(already built in TxFrameBuffer)
   3434	38EB  E8 0879			 call	 TransmitFrame
   3435	38EE  5E			 pop	 si
   3436	38EF  07			 pop	 es
   3437	38F0  E9 FDE7			 jmp	 SerialISR_Loop
   3438
   3439	38F3			     ACKNoRetry:
   3440	38F3  5E			 pop	 si
   3441	38F4  07			 pop	 es
   3442	38F5  E9 FDE2			 jmp	 SerialISR_Loop
   3443
   3444	38F8			     ACKRetriesExhausted:
   3445					 ; Maximum retries reached - fail the ECB
   3446	38F8  06			 push	 es
   3447	38F9  56			 push	 si
   3448	38FA  C4 36 01BDr		 les	 si, dword ptr TxCurrentECB
   3449	38FE  83 FE 00			 cmp	 si, 0
   3450	3901  74 1B			 je	 ACKFailDone
   3451	3903  83 3E 01BFr 00		 cmp	 word ptr TxCurrentECB+2, 0
   3452	3908  74 14			 je	 ACKFailDone
   3453
   3454					 ; Mark	ECB as failed
   3455	390A  26: C6 44	09 FA		 mov	 byte ptr es:[si+ECB_CompCode],	ECB_TIMEOUT
   3456	390F  E8 094B			 call	 CompleteTransmitECB
   3457
   3458					 ; Update error	statistics
   3459	3912  FF 06 0149r		 inc	 word ptr MLIDStatistics.MTxMiscError
   3460	3916  83 16 014Br 00		 adc	 word ptr MLIDStatistics.MTxMiscError+2, 0
   3461
   3462					 ; Try next packet in queue
   3463	391B  E8 0767			 call	 StartNextTransmit
   3464
   3465	391E			     ACKFailDone:
   3466	391E  5E			 pop	 si
   3467	391F  07			 pop	 es
   3468	3920  E9 FDB7			 jmp	 SerialISR_Loop
   3469
   3470	3923			     SerialISR_Done:
   3471					 ; Send	EOI to PIC
   3472	3923  B0 20			 mov	 al, 20h
   3473	3925  80 3E 0119r 08		 cmp	 CfgData.IRQNum, 8
   3474	392A  72 02			 jb	 SerialEOI1
   3475
   3476	392C  E6 A0			 out	 0A0h, al	     ; EOI to PIC2
   3477	392E			     SerialEOI1:
Turbo Assembler	 Version 4.1	    04/04/26 20:56:31	    Page 62
DCEMLID.ASM



   3478	392E  E6 20			 out	 020h, al	     ; EOI to PIC1
   3479
   3480	3930  1F			 pop	 ds
   3481	3931  5A			 pop	 dx
   3482	3932  59			 pop	 cx
   3483	3933  5B			 pop	 bx
   3484	3934  58			 pop	 ax
   3485
   3486					 ; Chain to previous handler
   3487	3935  2E: FF 2E	01A4r		 jmp	 dword ptr cs:[OldHwInt_Off]
   3488	393A			     SerialISR ENDP
   3489
   3490				     ;=============================================================================
   3491				     ; Parallel	Port Interrupt Service Routine
   3492				     ;=============================================================================
   3493
   3494	393A			     ParallelISR PROC FAR
   3495	393A  50			 push	 ax
   3496	393B  53			 push	 bx
   3497	393C  51			 push	 cx
   3498	393D  52			 push	 dx
   3499	393E  1E			 push	 ds
   3500
   3501	393F  8C C8			 mov	 ax, cs		     ; .COM file: CS=DS=ES
   3502	3941  8E D8			 mov	 ds, ax
   3503
   3504					 ; Read	status register	to check interrupt source
   3505	3943  8B 16 010Cr		 mov	 dx, CfgData.Port
   3506	3947  83 C2 01			 add	 dx, LPT_STATUS
   3507	394A  EC			 in	 al, dx
   3508
   3509					 ; Check if nACK is low	(data available	in EPP mode)
   3510	394B  A8 40			 test	 al, LPT_STAT_NACK
   3511	394D  75 2D			 jnz	 ParISR_CheckTx	     ; nACK high = no incoming data
   3512
   3513					 ; Read	data from EPP data port
   3514	394F  8B 16 010Cr		 mov	 dx, CfgData.Port
   3515	3953  83 C2 04			 add	 dx, LPT_EPP_DATA
   3516
   3517					 ; Read	loop with timeout
   3518	3956  B9 FFFF			 mov	 cx, 0FFFFh	     ; Timeout counter
   3519	3959			     ParISR_ReadLoop:
   3520					 ; Check if data ready (nBusy low = data valid)
   3521	3959  52			 push	 dx
   3522	395A  8B 16 010Cr		 mov	 dx, CfgData.Port
   3523	395E  83 C2 01			 add	 dx, LPT_STATUS
   3524	3961  EC			 in	 al, dx
   3525	3962  5A			 pop	 dx
   3526	3963  A8 80			 test	 al, LPT_STAT_NBUSY
   3527	3965  74 05			 jz	 ParISR_DataReady    ; nBusy low = data	valid
   3528	3967  49			 dec	 cx
   3529	3968  75 EF			 jnz	 ParISR_ReadLoop
   3530	396A  EB 2A			 jmp	 ParISR_Done	     ; Timeout - no data
   3531
   3532	396C			     ParISR_DataReady:
   3533					 ; Read	the byte from EPP data port
   3534	396C  EC			 in	 al, dx
Turbo Assembler	 Version 4.1	    04/04/26 20:56:31	    Page 63
DCEMLID.ASM



   3535
   3536					 ; Process through frame parser
   3537	396D  E8 0097			 call	 ProcessReceivedByte
   3538
   3539					 ; Check for more data (loop while nACK	stays low)
   3540	3970  8B 16 010Cr		 mov	 dx, CfgData.Port
   3541	3974  83 C2 01			 add	 dx, LPT_STATUS
   3542	3977  EC			 in	 al, dx
   3543	3978  A8 40			 test	 al, LPT_STAT_NACK
   3544	397A  74 DD			 jz	 ParISR_ReadLoop     ; More data pending
   3545
   3546	397C			     ParISR_CheckTx:
   3547					 ; Check if remote signaled "not ready"	(their INIT reflects as	SELECT status)
   3548	397C  8B 16 010Cr		 mov	 dx, CfgData.Port
   3549	3980  83 C2 01			 add	 dx, LPT_STATUS
   3550	3983  EC			 in	 al, dx
   3551	3984  A8 10			 test	 al, LPT_STAT_ONLINE	     ; SELECT/Online bit = remote INIT state
   3552	3986  74 0E			 jz	 ParISR_Done		     ; Remote not ready	- don't	send
   3553
   3554					 ; Check if transmit ready (nBusy high = can send)
   3555	3988  A8 80			 test	 al, LPT_STAT_NBUSY
   3556	398A  74 0A			 jz	 ParISR_Done	     ; Busy - can't send now
   3557
   3558					 ; Check if we have pending TX data
   3559	398C  80 3E 01A9r 00		 cmp	 TxPending, 0
   3560	3991  74 03			 je	 ParISR_Done	     ; No pending transmit
   3561
   3562					 ; Send	next byte from TX buffer
   3563	3993  E8 0017			 call	 ParallelSendNextByte
   3564
   3565	3996			     ParISR_Done:
   3566					 ; Send	EOI to PIC (handle PIC2	for IRQ	>= 8)
   3567	3996  B0 20			 mov	 al, 20h
   3568	3998  80 3E 0119r 08		 cmp	 CfgData.IRQNum, 8
   3569	399D  72 02			 jb	 ParISR_EOI1
   3570	399F  E6 A0			 out	 0A0h, al	     ; EOI to PIC2
   3571	39A1			     ParISR_EOI1:
   3572	39A1  E6 20			 out	 020h, al	     ; EOI to PIC1
   3573
   3574	39A3  1F			 pop	 ds
   3575	39A4  5A			 pop	 dx
   3576	39A5  59			 pop	 cx
   3577	39A6  5B			 pop	 bx
   3578	39A7  58			 pop	 ax
   3579
   3580	39A8  2E: FF 2E	01A4r		 jmp	 dword ptr cs:[OldHwInt_Off]
   3581	39AD			     ParallelISR ENDP
   3582
   3583				     ;=============================================================================
   3584				     ; ParallelSendNextByte - Send next	byte from TX buffer via	parallel port
   3585				     ;=============================================================================
   3586	39AD			     ParallelSendNextByte PROC
   3587	39AD  50			 push	 ax
   3588	39AE  52			 push	 dx
   3589	39AF  56			 push	 si
   3590
   3591					 ; Get next byte from TX buffer
Turbo Assembler	 Version 4.1	    04/04/26 20:56:31	    Page 64
DCEMLID.ASM



   3592	39B0  8B 36 01B1r		 mov	 si, TxOutPtr
   3593	39B4  3B 36 01AFr		 cmp	 si, TxInPtr
   3594	39B8  74 44			 je	 ParSend_Empty	     ; Buffer empty
   3595
   3596	39BA  8A 84 1C41r		 mov	 al, TxFrameBuffer[si]
   3597	39BE  46			 inc	 si
   3598	39BF  81 FE 0800		 cmp	 si, TX_BUFFER_SIZE
   3599	39C3  72 02			 jb	 ParSend_NoWrap
   3600	39C5  33 F6			 xor	 si, si		     ; Wrap around
   3601	39C7			     ParSend_NoWrap:
   3602	39C7  89 36 01B1r		 mov	 TxOutPtr, si
   3603
   3604					 ; Send	byte via EPP data port
   3605	39CB  8B 16 010Cr		 mov	 dx, CfgData.Port
   3606	39CF  83 C2 04			 add	 dx, LPT_EPP_DATA
   3607	39D2  EE			 out	 dx, al
   3608
   3609					 ; Check if buffer now empty
   3610	39D3  8B 36 01B1r		 mov	 si, TxOutPtr
   3611	39D7  3B 36 01AFr		 cmp	 si, TxInPtr
   3612	39DB  75 26			 jne	 ParSend_Done
   3613	39DD  C6 06 01A9r 00		 mov	 TxPending, 0	     ; Clear pending flag
   3614
   3615					 ; Complete current ECB	if any
   3616	39E2  06			 push	 es
   3617	39E3  C4 36 01BDr		 les	 si, dword ptr TxCurrentECB
   3618	39E7  83 FE 00			 cmp	 si, 0
   3619	39EA  74 0F			 je	 ParSend_NoECB
   3620	39EC  83 3E 01BFr 00		 cmp	 word ptr TxCurrentECB+2, 0
   3621	39F1  74 08			 je	 ParSend_NoECB
   3622	39F3  26: C6 44	09 00		 mov	 byte ptr es:[si+ECB_CompCode],	ECB_SUCCESS
   3623	39F8  E8 0862			 call	 CompleteTransmitECB
   3624	39FB			     ParSend_NoECB:
   3625	39FB  07			 pop	 es
   3626	39FC  EB 05			 jmp	 ParSend_Done
   3627
   3628	39FE			     ParSend_Empty:
   3629	39FE  C6 06 01A9r 00		 mov	 TxPending, 0
   3630
   3631	3A03			     ParSend_Done:
   3632	3A03  5E			 pop	 si
   3633	3A04  5A			 pop	 dx
   3634	3A05  58			 pop	 ax
   3635	3A06  C3			 ret
   3636	3A07			     ParallelSendNextByte ENDP
   3637
   3638				     ;=============================================================================
   3639				     ; ProcessReceivedByte - Process received byte through frame parser	FSM
   3640				     ; Input: AL = received byte
   3641				     ;=============================================================================
   3642
   3643				     ; FSM States
   3644	      =0000		     STATE_IDLE	     EQU 0
   3645	      =0001		     STATE_SEQ	     EQU 1
   3646	      =0002		     STATE_LEN_LO    EQU 2
   3647	      =0003		     STATE_LEN_HI    EQU 3
   3648	      =0004		     STATE_DATA	     EQU 4
Turbo Assembler	 Version 4.1	    04/04/26 20:56:31	    Page 65
DCEMLID.ASM



   3649	      =0005		     STATE_CRC_LO    EQU 5
   3650	      =0006		     STATE_CRC_HI    EQU 6
   3651
   3652	3A07			     ProcessReceivedByte PROC
   3653	3A07  53			 push	 bx
   3654	3A08  51			 push	 cx
   3655	3A09  57			 push	 di
   3656
   3657					 ; Check for escape sequence
   3658	3A0A  80 3E 01D5r 00		 cmp	 RxEscaped, 0
   3659	3A0F  74 27			 je	 NotEscaped
   3660
   3661					 ; Process escaped byte
   3662	3A11  C6 06 01D5r 00		 mov	 RxEscaped, 0
   3663	3A16  3C DC			 cmp	 al, ESC_START
   3664	3A18  74 0E			 je	 UnescapeStart
   3665	3A1A  3C DD			 cmp	 al, ESC_ESC
   3666	3A1C  74 0E			 je	 UnescapeESC
   3667	3A1E  3C DE			 cmp	 al, ESC_XON
   3668	3A20  74 0E			 je	 UnescapeXON
   3669	3A22  3C DF			 cmp	 al, ESC_XOFF
   3670	3A24  74 0E			 je	 UnescapeXOFF
   3671	3A26  EB 18			 jmp	 ProcessByte
   3672
   3673	3A28			     UnescapeStart:
   3674	3A28  B0 C0			 mov	 al, FRAME_START
   3675	3A2A  EB 14			 jmp	 ProcessByte
   3676
   3677	3A2C			     UnescapeESC:
   3678	3A2C  B0 DB			 mov	 al, FRAME_ESC
   3679	3A2E  EB 10			 jmp	 ProcessByte
   3680
   3681	3A30			     UnescapeXON:
   3682	3A30  B0 11			 mov	 al, XON_CHAR
   3683	3A32  EB 0C			 jmp	 ProcessByte
   3684
   3685	3A34			     UnescapeXOFF:
   3686	3A34  B0 13			 mov	 al, XOFF_CHAR
   3687	3A36  EB 08			 jmp	 ProcessByte
   3688
   3689	3A38			     NotEscaped:
   3690					 ; Check for frame delimiter
   3691	3A38  3C C0			 cmp	 al, FRAME_START
   3692	3A3A  74 34			 je	 FrameStart
   3693
   3694					 ; Check for escape character
   3695	3A3C  3C DB			 cmp	 al, FRAME_ESC
   3696	3A3E  74 44			 je	 FrameEscape
   3697
   3698	3A40			     ProcessByte:
   3699					 ; Process based on current state
   3700	3A40  8A 1E 01D4r		 mov	 bl, RxState
   3701	3A44  80 FB 00			 cmp	 bl, STATE_IDLE
   3702	3A47  74 43			 je	 StateIdle
   3703	3A49  80 FB 01			 cmp	 bl, STATE_SEQ
   3704	3A4C  74 41			 je	 StateSeq
   3705	3A4E  80 FB 02			 cmp	 bl, STATE_LEN_LO
Turbo Assembler	 Version 4.1	    04/04/26 20:56:31	    Page 66
DCEMLID.ASM



   3706	3A51  74 51			 je	 StateLenLo
   3707	3A53  80 FB 03			 cmp	 bl, STATE_LEN_HI
   3708	3A56  74 5A			 je	 StateLenHi
   3709	3A58  80 FB 04			 cmp	 bl, STATE_DATA
   3710	3A5B  74 71			 je	 StateData
   3711	3A5D  80 FB 05			 cmp	 bl, STATE_CRC_LO
   3712	3A60  75 03 E9 008B		 je	 StateCRCLo
   3713	3A65  80 FB 06			 cmp	 bl, STATE_CRC_HI
   3714	3A68  75 03 E9 008E		 je	 StateCRCHi
   3715	3A6D  E9 00BE			 jmp	 ProcessDone
   3716
   3717	3A70			     FrameStart:
   3718					 ; Start of new	frame
   3719	3A70  C6 06 01D4r 01		 mov	 RxState, STATE_SEQ
   3720	3A75  C7 06 01D6r 0000		 mov	 RxBufIdx, 0
   3721	3A7B  C7 06 01DAr FFFF		 mov	 RxCRC,	0FFFFh
   3722	3A81  E9 00AA			 jmp	 ProcessDone
   3723
   3724	3A84			     FrameEscape:
   3725	3A84  C6 06 01D5r 01		 mov	 RxEscaped, 1
   3726	3A89  E9 00A2			 jmp	 ProcessDone
   3727
   3728	3A8C			     StateIdle:
   3729					 ; Ignore bytes	in idle	state
   3730	3A8C  E9 009F			 jmp	 ProcessDone
   3731
   3732	3A8F			     StateSeq:
   3733					 ; Store and validate sequence number (should be 0 or 1)
   3734	3A8F  3C 01			 cmp	 al, 1		     ; Valid seq is 0 or 1
   3735	3A91  77 7D 90 90 90		 ja	 FrameError	     ; Invalid sequence	- reject early
   3736	3A96  A2 19E1r			 mov	 byte ptr FrameBuffer[0], al
   3737	3A99  E8 0096			 call	 UpdateCRC
   3738	3A9C  C6 06 01D4r 02		 mov	 RxState, STATE_LEN_LO
   3739	3AA1  E9 008A			 jmp	 ProcessDone
   3740
   3741	3AA4			     StateLenLo:
   3742					 ; Store length	low byte
   3743	3AA4  A2 19E2r			 mov	 byte ptr FrameBuffer[1], al
   3744	3AA7  E8 0088			 call	 UpdateCRC
   3745	3AAA  C6 06 01D4r 03		 mov	 RxState, STATE_LEN_HI
   3746	3AAF  EB 7D 90			 jmp	 ProcessDone
   3747
   3748	3AB2			     StateLenHi:
   3749					 ; Store length	high byte and validate
   3750	3AB2  A2 19E3r			 mov	 byte ptr FrameBuffer[2], al
   3751	3AB5  E8 007A			 call	 UpdateCRC
   3752	3AB8  A1 19E2r			 mov	 ax, word ptr FrameBuffer[1]
   3753	3ABB  A3 01D8r			 mov	 RxFrameLen, ax
   3754					 ; Validate length: must be > 0	and <= MTU_SIZE
   3755	3ABE  85 C0			 test	 ax, ax
   3756	3AC0  74 4E			 jz	 FrameError	     ; Zero length - reject early
   3757	3AC2  3D 0240			 cmp	 ax, MTU_SIZE
   3758	3AC5  77 49			 ja	 FrameError
   3759	3AC7  C6 06 01D4r 04		 mov	 RxState, STATE_DATA
   3760	3ACC  EB 60			 jmp	 ProcessDone
   3761
   3762	3ACE			     StateData:
Turbo Assembler	 Version 4.1	    04/04/26 20:56:31	    Page 67
DCEMLID.ASM



   3763					 ; Store data byte
   3764	3ACE  8B 1E 01D6r		 mov	 bx, RxBufIdx
   3765	3AD2  83 C3 03			 add	 bx, 3
   3766	3AD5  88 87 19E1r		 mov	 byte ptr FrameBuffer[bx], al
   3767	3AD9  E8 0056			 call	 UpdateCRC
   3768	3ADC  FF 06 01D6r		 inc	 RxBufIdx
   3769	3AE0  A1 01D6r			 mov	 ax, RxBufIdx
   3770	3AE3  3B 06 01D8r		 cmp	 ax, RxFrameLen
   3771	3AE7  72 45			 jb	 ProcessDone
   3772	3AE9  C6 06 01D4r 05		 mov	 RxState, STATE_CRC_LO
   3773	3AEE  EB 3E			 jmp	 ProcessDone
   3774
   3775	3AF0			     StateCRCLo:
   3776					 ; Receive CRC low byte
   3777	3AF0  88 87 19E1r		 mov	 byte ptr FrameBuffer[bx], al
   3778	3AF4  C6 06 01D4r 06		 mov	 RxState, STATE_CRC_HI
   3779	3AF9  EB 33			 jmp	 ProcessDone
   3780
   3781	3AFB			     StateCRCHi:
   3782					 ; Receive CRC high byte and validate frame
   3783	3AFB  8B 1E 01D6r		 mov	 bx, RxBufIdx
   3784	3AFF  83 C3 04			 add	 bx, 4
   3785	3B02  88 87 19E1r		 mov	 byte ptr FrameBuffer[bx], al
   3786
   3787					 ; Validate CRC
   3788	3B06  E8 024D			 call	 ValidateFrame
   3789
   3790					 ; Reset to idle
   3791	3B09  C6 06 01D4r 00		 mov	 RxState, STATE_IDLE
   3792	3B0E  EB 1E			 jmp	 ProcessDone
   3793
   3794	3B10			     FrameError:
   3795					 ; Reset state on error
   3796	3B10  C6 06 01D4r 00		 mov	 RxState, STATE_IDLE
   3797	3B15  BB 017Br			 lea	 bx, Statistics.CRCErrors
   3798	3B18  E8 0B57			 call	 Inc32
   3799
   3800					 ; Update ODI checksum error counter
   3801	3B1B  FF 06 0155r		 inc	 word ptr MLIDStatistics.MRxChecksumError
   3802	3B1F  83 16 0157r 00		 adc	 word ptr MLIDStatistics.MRxChecksumError+2, 0
   3803
   3804					 ; Send	NAK to request retransmit (serial mode only)
   3805	3B24  80 3E 010Br 00		 cmp	 CfgData.Mode, 0
   3806	3B29  75 03			 jne	 ProcessDone		 ; Skip	NAK for	parallel mode
   3807	3B2B  E8 03D8			 call	 SendNAK
   3808
   3809	3B2E			     ProcessDone:
   3810	3B2E  5F			 pop	 di
   3811	3B2F  59			 pop	 cx
   3812	3B30  5B			 pop	 bx
   3813	3B31  C3			 ret
   3814	3B32			     ProcessReceivedByte ENDP
   3815
   3816				     ;=============================================================================
   3817				     ; UpdateCRC - Update running CRC16-CCITT calculation
   3818				     ; Input: AL = byte	to add to CRC
   3819				     ;=============================================================================
Turbo Assembler	 Version 4.1	    04/04/26 20:56:31	    Page 68
DCEMLID.ASM



   3820
   3821	3B32			     UpdateCRC PROC
   3822	3B32  50			 push	 ax
   3823	3B33  53			 push	 bx
   3824	3B34  51			 push	 cx
   3825
   3826	3B35  32 E4			 xor	 ah, ah
   3827	3B37  8B 1E 01DAr		 mov	 bx, RxCRC
   3828	3B3B  32 D8			 xor	 bl, al
   3829	3B3D  32 FF			 xor	 bh, bh
   3830	3B3F  D1 E3			 shl	 bx, 1
   3831	3B41  2E: 8B 8F	3B56r		 mov	 cx, word ptr cs:CRCTable[bx]
   3832	3B46  A1 01DAr			 mov	 ax, RxCRC
   3833	3B49  8A C4			 mov	 al, ah		     ; shr ax, 8 - move	high byte to low
   3834	3B4B  32 E4			 xor	 ah, ah
   3835	3B4D  33 C1			 xor	 ax, cx
   3836	3B4F  A3 01DAr			 mov	 RxCRC,	ax
   3837
   3838	3B52  59			 pop	 cx
   3839	3B53  5B			 pop	 bx
   3840	3B54  58			 pop	 ax
   3841	3B55  C3			 ret
   3842	3B56			     UpdateCRC ENDP
   3843
   3844				     ;=============================================================================
   3845				     ; CRC16-CCITT Lookup Table	(polynomial 0x1021)
   3846				     ;=============================================================================
   3847
   3848	3B56			     CRCTable:
   3849					 ; Entries 0-31
   3850	3B56  0000 1021	2042 3063 +	 DW 00000h, 01021h, 02042h, 03063h, 04084h, 050A5h, 060C6h, 070E7h
   3851	      4084 50A5	60C6 70E7
   3852	3B66  8108 9129	A14A B16B +	 DW 08108h, 09129h, 0A14Ah, 0B16Bh, 0C18Ch, 0D1ADh, 0E1CEh, 0F1EFh
   3853	      C18C D1AD	E1CE F1EF
   3854	3B76  1231 0210	3273 2252 +	 DW 01231h, 00210h, 03273h, 02252h, 052B5h, 04294h, 072F7h, 062D6h
   3855	      52B5 4294	72F7 62D6
   3856	3B86  9339 8318	B37B A35A +	 DW 09339h, 08318h, 0B37Bh, 0A35Ah, 0D3BDh, 0C39Ch, 0F3FFh, 0E3DEh
   3857	      D3BD C39C	F3FF E3DE
   3858					 ; Entries 32-63
   3859	3B96  2462 3443	0420 1401 +	 DW 02462h, 03443h, 00420h, 01401h, 064E6h, 074C7h, 044A4h, 05485h
   3860	      64E6 74C7	44A4 5485
   3861	3BA6  A56A B54B	8528 9509 +	 DW 0A56Ah, 0B54Bh, 08528h, 09509h, 0E5EEh, 0F5CFh, 0C5ACh, 0D58Dh
   3862	      E5EE F5CF	C5AC D58D
   3863	3BB6  3653 2672	1611 0630 +	 DW 03653h, 02672h, 01611h, 00630h, 076D7h, 066F6h, 05695h, 046B4h
   3864	      76D7 66F6	5695 46B4
   3865	3BC6  B75B A77A	9719 8738 +	 DW 0B75Bh, 0A77Ah, 09719h, 08738h, 0F7DFh, 0E7FEh, 0D79Dh, 0C7BCh
   3866	      F7DF E7FE	D79D C7BC
   3867					 ; Entries 64-95
   3868	3BD6  48C4 58E5	6886 78A7 +	 DW 048C4h, 058E5h, 06886h, 078A7h, 00840h, 01861h, 02802h, 03823h
   3869	      0840 1861	2802 3823
   3870	3BE6  C9CC D9ED	E98E F9AF +	 DW 0C9CCh, 0D9EDh, 0E98Eh, 0F9AFh, 08948h, 09969h, 0A90Ah, 0B92Bh
   3871	      8948 9969	A90A B92B
   3872	3BF6  5AF5 4AD4	7AB7 6A96 +	 DW 05AF5h, 04AD4h, 07AB7h, 06A96h, 01A71h, 00A50h, 03A33h, 02A12h
   3873	      1A71 0A50	3A33 2A12
   3874	3C06  DBFD CBDC	FBBF EB9E +	 DW 0DBFDh, 0CBDCh, 0FBBFh, 0EB9Eh, 09B79h, 08B58h, 0BB3Bh, 0AB1Ah
   3875	      9B79 8B58	BB3B AB1A
   3876					 ; Entries 96-127
Turbo Assembler	 Version 4.1	    04/04/26 20:56:31	    Page 69
DCEMLID.ASM



   3877	3C16  6CA6 7C87	4CE4 5CC5 +	 DW 06CA6h, 07C87h, 04CE4h, 05CC5h, 02C22h, 03C03h, 00C60h, 01C41h
   3878	      2C22 3C03	0C60 1C41
   3879	3C26  EDFE FDDF	CDBC DD9D +	 DW 0EDFEh, 0FDDFh, 0CDBCh, 0DD9Dh, 0AD7Ah, 0BD5Bh, 08D38h, 09D19h
   3880	      AD7A BD5B	8D38 9D19
   3881	3C36  7EC7 6EE6	5E85 4EA4 +	 DW 07EC7h, 06EE6h, 05E85h, 04EA4h, 03E43h, 02E62h, 01E01h, 00E20h
   3882	      3E43 2E62	1E01 0E20
   3883	3C46  FFCF EFEE	DF8D CFAC +	 DW 0FFCFh, 0EFEEh, 0DF8Dh, 0CFACh, 0BF4Bh, 0AF6Ah, 09F09h, 08F28h
   3884	      BF4B AF6A	9F09 8F28
   3885					 ; Entries 128-159
   3886	3C56  9188 81A9	B1CA A1EB +	 DW 09188h, 081A9h, 0B1CAh, 0A1EBh, 0D10Ch, 0C12Dh, 0F14Eh, 0E16Fh
   3887	      D10C C12D	F14E E16F
   3888	3C66  1080 00A1	30C2 20E3 +	 DW 01080h, 000A1h, 030C2h, 020E3h, 05004h, 04025h, 07046h, 06067h
   3889	      5004 4025	7046 6067
   3890	3C76  83B9 9398	A3FB B3DA +	 DW 083B9h, 09398h, 0A3FBh, 0B3DAh, 0C33Dh, 0D31Ch, 0E37Fh, 0F35Eh
   3891	      C33D D31C	E37F F35E
   3892	3C86  02B1 1290	22F3 32D2 +	 DW 002B1h, 01290h, 022F3h, 032D2h, 04235h, 05214h, 06277h, 07256h
   3893	      4235 5214	6277 7256
   3894					 ; Entries 160-191
   3895	3C96  B5EA A5CB	95A8 8589 +	 DW 0B5EAh, 0A5CBh, 095A8h, 08589h, 0F56Eh, 0E54Fh, 0D52Ch, 0C50Dh
   3896	      F56E E54F	D52C C50D
   3897	3CA6  34E2 24C3	14A0 0481 +	 DW 034E2h, 024C3h, 014A0h, 00481h, 07466h, 06447h, 05424h, 04405h
   3898	      7466 6447	5424 4405
   3899	3CB6  A7DB B7FA	8799 97B8 +	 DW 0A7DBh, 0B7FAh, 08799h, 097B8h, 0E75Fh, 0F77Eh, 0C71Dh, 0D73Ch
   3900	      E75F F77E	C71D D73C
   3901	3CC6  26D3 36F2	0691 16B0 +	 DW 026D3h, 036F2h, 00691h, 016B0h, 06657h, 07676h, 04615h, 05634h
   3902	      6657 7676	4615 5634
   3903					 ; Entries 192-223
   3904	3CD6  D94C C96D	F90E E92F +	 DW 0D94Ch, 0C96Dh, 0F90Eh, 0E92Fh, 099C8h, 089E9h, 0B98Ah, 0A9ABh
   3905	      99C8 89E9	B98A A9AB
   3906	3CE6  5844 4865	7806 6827 +	 DW 05844h, 04865h, 07806h, 06827h, 018C0h, 008E1h, 03882h, 028A3h
   3907	      18C0 08E1	3882 28A3
   3908	3CF6  CB7D DB5C	EB3F FB1E +	 DW 0CB7Dh, 0DB5Ch, 0EB3Fh, 0FB1Eh, 08BF9h, 09BD8h, 0ABBBh, 0BB9Ah
   3909	      8BF9 9BD8	ABBB BB9A
   3910	3D06  4A75 5A54	6A37 7A16 +	 DW 04A75h, 05A54h, 06A37h, 07A16h, 00AF1h, 01AD0h, 02AB3h, 03A92h
   3911	      0AF1 1AD0	2AB3 3A92
   3912					 ; Entries 224-255
   3913	3D16  FD2E ED0F	DD6C CD4D +	 DW 0FD2Eh, 0ED0Fh, 0DD6Ch, 0CD4Dh, 0BDAAh, 0AD8Bh, 09DE8h, 08DC9h
   3914	      BDAA AD8B	9DE8 8DC9
   3915	3D26  7C26 6C07	5C64 4C45 +	 DW 07C26h, 06C07h, 05C64h, 04C45h, 03CA2h, 02C83h, 01CE0h, 00CC1h
   3916	      3CA2 2C83	1CE0 0CC1
   3917	3D36  EF1F FF3E	CF5D DF7C +	 DW 0EF1Fh, 0FF3Eh, 0CF5Dh, 0DF7Ch, 0AF9Bh, 0BFBAh, 08FD9h, 09FF8h
   3918	      AF9B BFBA	8FD9 9FF8
   3919	3D46  6E17 7E36	4E55 5E74 +	 DW 06E17h, 07E36h, 04E55h, 05E74h, 02E93h, 03EB2h, 00ED1h, 01EF0h
   3920	      2E93 3EB2	0ED1 1EF0
   3921
   3922				     ;=============================================================================
   3923				     ; ValidateFrame - Validate	received frame and deliver to LSL
   3924				     ;=============================================================================
   3925
   3926	3D56			     ValidateFrame PROC
   3927					 ; Check sequence number for duplicates
   3928	3D56  A0 19E1r			 mov	 al, byte ptr FrameBuffer[0]
   3929	3D59  3A 06 01D3r		 cmp	 al, RxSeqNum
   3930	3D5D  74 25			 je	 DuplicateFrame
   3931	3D5F  A2 01D3r			 mov	 RxSeqNum, al
   3932
   3933					 ; Deliver frame to LSL
Turbo Assembler	 Version 4.1	    04/04/26 20:56:31	    Page 70
DCEMLID.ASM



   3934	3D62  E8 0023			 call	 DeliverFrameToLSL
   3935
   3936					 ; Send	ACK
   3937	3D65  E8 0159			 call	 SendACK
   3938
   3939					 ; Update ODI statistics (required by GetMLIDStatistics)
   3940	3D68  FF 06 012Dr		 inc	 word ptr MLIDStatistics.MTotalRxPackets
   3941	3D6C  83 16 012Fr 00		 adc	 word ptr MLIDStatistics.MTotalRxPackets+2, 0
   3942
   3943					 ; Update legacy statistics
   3944	3D71  BB 0173r			 lea	 bx, Statistics.RxPackets
   3945	3D74  E8 08FB			 call	 Inc32
   3946	3D77  A1 01D8r			 mov	 ax, RxFrameLen
   3947	3D7A  E8 0907			 call	 ZeroExtend16to32    ; DX:AX = 32-bit length
   3948	3D7D  BB 0177r			 lea	 bx, Statistics.RxBytes
   3949	3D80  E8 08F7			 call	 Add32
   3950
   3951	3D83  C3			 ret
   3952
   3953	3D84			     DuplicateFrame:
   3954					 ; Still send ACK for duplicate
   3955	3D84  E8 013A			 call	 SendACK
   3956	3D87  C3			 ret
   3957	3D88			     ValidateFrame ENDP
   3958
   3959				     ;=============================================================================
   3960				     ; DeliverFrameToLSL - Deliver received frame to LSL using ODI protocol
   3961				     ; Uses GetStackECB, HoldReceiveEvent, and ServiceEvents
   3962				     ;=============================================================================
   3963
   3964	3D88			     DeliverFrameToLSL PROC
   3965	3D88  50			 push	 ax
   3966	3D89  53			 push	 bx
   3967	3D8A  51			 push	 cx
   3968	3D8B  52			 push	 dx
   3969	3D8C  1E			 push	 ds
   3970	3D8D  06			 push	 es
   3971	3D8E  56			 push	 si
   3972	3D8F  57			 push	 di
   3973
   3974					 ; Set up segments (.COM file)
   3975	3D90  8C C8			 mov	 ax, cs
   3976	3D92  8E D8			 mov	 ds, ax
   3977
   3978					 ; Received frame is in	FrameBuffer+3 (skip seq	+ 2-byte length)
   3979					 ; Frame format: [dest MAC 6][src MAC 6][type/len 2][data...]
   3980					 ; RxFrameLen =	total data length after	our header
   3981
   3982					 ; Fill	in LookAheadStruc for GetStackECB
   3983					 ; LMediaHeaderPtr = pointer to	Ethernet header	(first 14 bytes)
   3984	3D94  B8 19E4r			 lea	 ax, FrameBuffer+3
   3985	3D97  A3 3406r			 mov	 word ptr RxLookAhead.LMediaHeaderPtr[0], ax
   3986	3D9A  8C 0E 3408r		 mov	 word ptr RxLookAhead.LMediaHeaderPtr[2], cs
   3987
   3988					 ; LookAheadPtr	= pointer to packet data after media header
   3989					 ; For Ethernet, data starts at	offset 14 (after MAC headers + type)
   3990	3D9E  B8 19F2r			 lea	 ax, FrameBuffer+3+14
Turbo Assembler	 Version 4.1	    04/04/26 20:56:31	    Page 71
DCEMLID.ASM



   3991	3DA1  A3 340Ar			 mov	 word ptr RxLookAhead.LookAheadPtr[0], ax
   3992	3DA4  8C 0E 340Cr		 mov	 word ptr RxLookAhead.LookAheadPtr[2], cs
   3993
   3994					 ; LookAheadLen	= min(CurrentLookAhead,	data_length)
   3995	3DA8  A1 01D8r			 mov	 ax, RxFrameLen
   3996	3DAB  2D 000E			 sub	 ax, 14		     ; Subtract	media header size
   3997	3DAE  77 03 E9 00FB		 jbe	 RxTooShort	     ; Frame too short
   3998	3DB3  3B 06 0196r		 cmp	 ax, CurrentLookAhead
   3999	3DB7  76 03			 jbe	 LookAheadOK2
   4000	3DB9  A1 0196r			 mov	 ax, CurrentLookAhead
   4001	3DBC			     LookAheadOK2:
   4002	3DBC  A3 340Er			 mov	 RxLookAhead.LookAheadLen, ax
   4003
   4004					 ; LProtID = Protocol ID (for Ethernet_802.2, this is DSAP/SSAP/Control)
   4005					 ; Copy	first 6	bytes of data as protocol ID (3	words)
   4006	3DBF  56			 push	 si
   4007	3DC0  57			 push	 di
   4008	3DC1  BE 19F2r			 lea	 si, FrameBuffer+3+14	 ; Point to data after media header
   4009	3DC4  BF 3410r			 lea	 di, RxLookAhead.LProtID
   4010	3DC7  B9 0003			 mov	 cx, 3
   4011	3DCA  F3> A5			 rep	 movsw
   4012	3DCC  5F			 pop	 di
   4013	3DCD  5E			 pop	 si
   4014
   4015					 ; LBoardNum = our registered board number
   4016	3DCE  A1 019Er			 mov	 ax, LSLBoardNum
   4017	3DD1  A3 3416r			 mov	 RxLookAhead.LBoardNum,	ax
   4018
   4019					 ; LDataSize = total packet size (including media header)
   4020	3DD4  A1 01D8r			 mov	 ax, RxFrameLen
   4021	3DD7  A3 3418r			 mov	 RxLookAhead.LDataSize,	ax
   4022
   4023					 ; LImmAddress = source	MAC address (6 bytes = 3 words at offset 6)
   4024	3DDA  56			 push	 si
   4025	3DDB  57			 push	 di
   4026	3DDC  BE 19EAr			 lea	 si, FrameBuffer+3+6	 ; Source MAC at offset	6
   4027	3DDF  BF 341Ar			 lea	 di, RxLookAhead.LImmAddress
   4028	3DE2  B9 0003			 mov	 cx, 3
   4029	3DE5  F3> A5			 rep	 movsw
   4030	3DE7  5F			 pop	 di
   4031	3DE8  5E			 pop	 si
   4032
   4033					 ; LPacketAttrib = 0 (normal packet)
   4034	3DE9  C7 06 3420r 0000		 mov	 RxLookAhead.LPacketAttrib, 0
   4035
   4036					 ; LDestType = determine from destination MAC
   4037					 ; 0 = unicast,	1 = multicast, 2 = broadcast
   4038	3DEF  A0 19E4r			 mov	 al, byte ptr FrameBuffer+3  ; First byte of dest MAC
   4039	3DF2  A8 01			 test	 al, 01h		     ; Multicast bit?
   4040	3DF4  74 25			 jz	 DestUnicast
   4041					 ; Check for broadcast (FF:FF:FF:FF:FF:FF)
   4042	3DF6  83 3E 19E4r FF		 cmp	 word ptr FrameBuffer+3, 0FFFFh
   4043	3DFB  75 16			 jne	 DestMulticast
   4044	3DFD  83 3E 19E6r FF		 cmp	 word ptr FrameBuffer+5, 0FFFFh
   4045	3E02  75 0F			 jne	 DestMulticast
   4046	3E04  83 3E 19E8r FF		 cmp	 word ptr FrameBuffer+7, 0FFFFh
   4047	3E09  75 08			 jne	 DestMulticast
Turbo Assembler	 Version 4.1	    04/04/26 20:56:31	    Page 72
DCEMLID.ASM



   4048	3E0B  C7 06 3422r 0002		 mov	 RxLookAhead.LDestType,	2    ; Broadcast
   4049	3E11  EB 0E			 jmp	 DestTypeDone
   4050	3E13			     DestMulticast:
   4051	3E13  C7 06 3422r 0001		 mov	 RxLookAhead.LDestType,	1    ; Multicast
   4052	3E19  EB 06			 jmp	 DestTypeDone
   4053	3E1B			     DestUnicast:
   4054	3E1B  C7 06 3422r 0000		 mov	 RxLookAhead.LDestType,	0    ; Unicast
   4055	3E21			     DestTypeDone:
   4056
   4057					 ; LStartCopyOffset = 0	(protocol will set this)
   4058	3E21  C7 06 3424r 0000		 mov	 RxLookAhead.LStartCopyOffset, 0
   4059
   4060					 ; LPriorityLevel = 0
   4061	3E27  C6 06 3426r 00		 mov	 RxLookAhead.LPriorityLevel, 0
   4062
   4063					 ; Call	GetStackECB (BX=10h) to	get ECB	from protocol stack
   4064					 ; DS:DI = pointer to LookAheadStruc
   4065					 ; Returns: AX = status, ES:SI = ECB pointer
   4066	3E2C  FA			 cli				 ; Disable interrupts per spec
   4067	3E2D  BF 3406r			 lea	 di, RxLookAhead
   4068	3E30  BB 0010			 mov	 bx, MLIDSUP_GET_STACK_ECB   ; 10h
   4069	3E33  FF 1E 33F2r		 call	 dword ptr [LSLInfoBuf.LSLEntryPoint]
   4070
   4071	3E37  85 C0			 test	 ax, ax
   4072	3E39  75 65			 jnz	 NoECBAvailable		 ; No ECB available
   4073
   4074					 ; ES:SI now points to the ECB from protocol stack
   4075					 ; Copy	packet data into ECB fragment buffers
   4076					 ; ECB fragment	list starts at ECB+36 (ECB_FragList)
   4077					 ; Fragment structure: DD address (4), DW size (2) = 6 bytes per fragment
   4078
   4079					 ; Save	ECB pointer
   4080	3E3B  2E: 89 36	01CFr		 mov	 word ptr cs:[SavedECBOff], si
   4081	3E40  2E: 8C 06	01D1r		 mov	 word ptr cs:[SavedECBSeg], es
   4082
   4083					 ; Check fragment count
   4084	3E45  26: 8B 4C	22		 mov	 cx, es:[si+ECB_FragCount]
   4085	3E49  85 C9			 test	 cx, cx
   4086	3E4B  74 23			 jz	 CopyDone		 ; No fragments
   4087
   4088					 ; Get first fragment info (ES:SI + ECB_FragList)
   4089	3E4D  83 C6 24			 add	 si, ECB_FragList
   4090
   4091					 ; First fragment: [SI]	= DD address, [SI+4] = DW size
   4092	3E50  26: 8B 44	04		 mov	 ax, es:[si+4]		 ; AX =	fragment buffer	size
   4093	3E54  8B 0E 01D8r		 mov	 cx, RxFrameLen		 ; CX =	packet data size
   4094	3E58  3B C1			 cmp	 ax, cx
   4095	3E5A  76 02			 jbe	 UseFragSize
   4096	3E5C  8B C1			 mov	 ax, cx			 ; Use smaller of the two
   4097	3E5E			     UseFragSize:
   4098	3E5E  8B C8			 mov	 cx, ax			 ; CX =	bytes to copy
   4099
   4100					 ; Load	destination address from fragment
   4101	3E60  26: C4 3C			 les	 di, dword ptr es:[si]	 ; ES:DI = fragment buffer
   4102
   4103					 ; Set up source (CS:FrameBuffer+3)
   4104	3E63  0E			 push	 cs
Turbo Assembler	 Version 4.1	    04/04/26 20:56:31	    Page 73
DCEMLID.ASM



   4105	3E64  1F			 pop	 ds
   4106	3E65  BE 19E4r			 lea	 si, FrameBuffer+3	 ; DS:SI = source packet data
   4107
   4108					 ; Copy	data (use word moves for performance)
   4109	3E68  D1 E9			 shr	 cx, 1		     ; Divide by 2 for word count
   4110	3E6A  F3> A5			 rep	 movsw		     ; Copy words
   4111	3E6C  13 C9			 adc	 cx, cx		     ; CX=1 if odd byte	remains
   4112	3E6E  F3> A4			 rep	 movsb		     ; Copy trailing byte if any
   4113
   4114	3E70			     CopyDone:
   4115					 ; Restore ECB pointer
   4116	3E70  2E: 8B 36	01CFr		 mov	 si, word ptr cs:[SavedECBOff]
   4117	3E75  2E: 8E 06	01D1r		 mov	 es, word ptr cs:[SavedECBSeg]
   4118
   4119					 ; Restore DS
   4120	3E7A  0E			 push	 cs
   4121	3E7B  1F			 pop	 ds
   4122
   4123					 ; Set completion code to success
   4124	3E7C  26: C6 44	09 00		 mov	 byte ptr es:[si+ECB_CompCode],	ECB_SUCCESS
   4125
   4126					 ; Clear InUse flag
   4127	3E81  26: C6 44	08 00		 mov	 byte ptr es:[si+ECB_InUse], 0
   4128
   4129					 ; Call	HoldReceiveEvent (BX=7)	to queue completed ECB
   4130					 ; ES:SI = pointer to ECB
   4131	3E86  BB 0007			 mov	 bx, MLIDSUP_HOLD_RECV_EVENT  ;	7
   4132	3E89  FF 1E 33F2r		 call	 dword ptr [LSLInfoBuf.LSLEntryPoint]
   4133
   4134					 ; Call	ServiceEvents (BX=0Bh) to process queued events
   4135	3E8D  BB 000B			 mov	 bx, MLIDSUP_SERVICE_EVENTS   ;	0Bh
   4136	3E90  FF 1E 33F2r		 call	 dword ptr [LSLInfoBuf.LSLEntryPoint]
   4137
   4138					 ; Resume remote if we had paused (buffer space	now available)
   4139	3E94  80 3E 01DCr 00		 cmp	 RxPaused, 0
   4140	3E99  74 1C			 je	 DeliverDone
   4141	3E9B  E8 00CC			 call	 ResumeBackpressure
   4142
   4143	3E9E  EB 17			 jmp	 DeliverDone
   4144
   4145	3EA0			     NoECBAvailable:
   4146					 ; Update statistics - no ECB available
   4147	3EA0  FF 06 0131r		 inc	 word ptr MLIDStatistics.MNoECBsAvailable
   4148	3EA4  83 16 0133r 00		 adc	 word ptr MLIDStatistics.MNoECBsAvailable+2, 0
   4149
   4150					 ; Signal sender to pause (backpressure)
   4151	3EA9  E8 00A5			 call	 SendBackpressure
   4152	3EAC  EB 09			 jmp	 DeliverDone
   4153
   4154	3EAE			     RxTooShort:
   4155					 ; Frame too short
   4156	3EAE  FF 06 0145r		 inc	 word ptr MLIDStatistics.MRxTooSmall
   4157	3EB2  83 16 0147r 00		 adc	 word ptr MLIDStatistics.MRxTooSmall+2,	0
   4158
   4159	3EB7			     DeliverDone:
   4160	3EB7  FB			 sti				 ; Re-enable interrupts
   4161
Turbo Assembler	 Version 4.1	    04/04/26 20:56:31	    Page 74
DCEMLID.ASM



   4162	3EB8  5F			 pop	 di
   4163	3EB9  5E			 pop	 si
   4164	3EBA  07			 pop	 es
   4165	3EBB  1F			 pop	 ds
   4166	3EBC  5A			 pop	 dx
   4167	3EBD  59			 pop	 cx
   4168	3EBE  5B			 pop	 bx
   4169	3EBF  58			 pop	 ax
   4170	3EC0  C3			 ret
   4171	3EC1			     DeliverFrameToLSL ENDP
   4172
   4173				     ;=============================================================================
   4174				     ; SendACK - Send acknowledgment for received frame
   4175				     ;=============================================================================
   4176
   4177	3EC1			     SendACK PROC
   4178	3EC1  50			 push	 ax
   4179	3EC2  52			 push	 dx
   4180
   4181	3EC3  B0 06			 mov	 al, ACK_CHAR
   4182	3EC5  8A 26 19E1r		 mov	 ah, byte ptr FrameBuffer[0]  ;	Sequence number
   4183
   4184	3EC9  8B 16 010Cr		 mov	 dx, CfgData.Port
   4185
   4186					 ; Wait	for transmit ready with	timeout
   4187	3ECD  B9 FFFF			 mov	 cx, 0FFFFh	     ; Timeout counter
   4188	3ED0			     WaitTxReady:
   4189	3ED0  51			 push	 cx		     ; Preserve	counter
   4190	3ED1  83 C2 05			 add	 dx, UART_LSR
   4191	3ED4  EC			 in	 al, dx
   4192	3ED5  A8 20			 test	 al, 20h	     ; Transmit	ready?
   4193	3ED7  59			 pop	 cx
   4194	3ED8  75 08			 jnz	 TxReady1
   4195	3EDA  83 EA 05			 sub	 dx, UART_LSR	     ; Reset DX	for next iteration
   4196	3EDD  49			 dec	 cx
   4197	3EDE  75 F0			 jnz	 WaitTxReady
   4198	3EE0  EB 21			 jmp	 SendACKDone	     ; Timeout - abort
   4199	3EE2			     TxReady1:
   4200					 ; Send	ACK
   4201	3EE2  83 EA 05			 sub	 dx, UART_LSR
   4202	3EE5  B0 06			 mov	 al, ACK_CHAR
   4203	3EE7  EE			 out	 dx, al
   4204
   4205					 ; Send	sequence number	with timeout
   4206	3EE8  B9 FFFF			 mov	 cx, 0FFFFh	     ; Timeout counter
   4207	3EEB			     WaitTxReady2:
   4208	3EEB  51			 push	 cx		     ; Preserve	counter
   4209	3EEC  83 C2 05			 add	 dx, UART_LSR
   4210	3EEF  EC			 in	 al, dx
   4211	3EF0  A8 20			 test	 al, 20h	     ; Transmit	ready?
   4212	3EF2  59			 pop	 cx
   4213	3EF3  75 08			 jnz	 TxReady2
   4214	3EF5  83 EA 05			 sub	 dx, UART_LSR	     ; Reset DX	for next iteration
   4215	3EF8  49			 dec	 cx
   4216	3EF9  75 F0			 jnz	 WaitTxReady2
   4217	3EFB  EB 06			 jmp	 SendACKDone	     ; Timeout - abort
   4218	3EFD			     TxReady2:
Turbo Assembler	 Version 4.1	    04/04/26 20:56:31	    Page 75
DCEMLID.ASM



   4219	3EFD  83 EA 05			 sub	 dx, UART_LSR
   4220	3F00  8A C4			 mov	 al, ah
   4221	3F02  EE			 out	 dx, al
   4222
   4223	3F03			     SendACKDone:
   4224	3F03  5A			 pop	 dx
   4225	3F04  58			 pop	 ax
   4226	3F05  C3			 ret
   4227	3F06			     SendACK ENDP
   4228
   4229				     ;=============================================================================
   4230				     ; SendNAK - Send NAK character requesting retransmission (serial only)
   4231				     ; Uses NAK_CHAR (0x15) followed by	expected sequence number
   4232				     ;=============================================================================
   4233	3F06			     SendNAK PROC
   4234	3F06  50			 push	 ax
   4235	3F07  52			 push	 dx
   4236	3F08  51			 push	 cx
   4237
   4238	3F09  8B 16 010Cr		 mov	 dx, CfgData.Port
   4239
   4240					 ; Wait	for transmit ready
   4241	3F0D  B9 FFFF			 mov	 cx, 0FFFFh
   4242	3F10			     WaitNAKReady1:
   4243	3F10  51			 push	 cx
   4244	3F11  83 C2 05			 add	 dx, UART_LSR
   4245	3F14  EC			 in	 al, dx
   4246	3F15  A8 20			 test	 al, 20h
   4247	3F17  59			 pop	 cx
   4248	3F18  75 08			 jnz	 NAKTxReady1
   4249	3F1A  83 EA 05			 sub	 dx, UART_LSR
   4250	3F1D  49			 dec	 cx
   4251	3F1E  75 F0			 jnz	 WaitNAKReady1
   4252	3F20  EB 2B			 jmp	 SendNAKDone
   4253
   4254	3F22			     NAKTxReady1:
   4255	3F22  83 EA 05			 sub	 dx, UART_LSR
   4256	3F25  B0 15			 mov	 al, NAK_CHAR
   4257	3F27  EE			 out	 dx, al
   4258
   4259					 ; Send	expected sequence number
   4260	3F28  B9 FFFF			 mov	 cx, 0FFFFh
   4261	3F2B			     WaitNAKReady2:
   4262	3F2B  51			 push	 cx
   4263	3F2C  83 C2 05			 add	 dx, UART_LSR
   4264	3F2F  EC			 in	 al, dx
   4265	3F30  A8 20			 test	 al, 20h
   4266	3F32  59			 pop	 cx
   4267	3F33  75 08			 jnz	 NAKTxReady2
   4268	3F35  83 EA 05			 sub	 dx, UART_LSR
   4269	3F38  49			 dec	 cx
   4270	3F39  75 F0			 jnz	 WaitNAKReady2
   4271	3F3B  EB 10			 jmp	 SendNAKDone
   4272
   4273	3F3D			     NAKTxReady2:
   4274	3F3D  83 EA 05			 sub	 dx, UART_LSR
   4275	3F40  A0 01D3r			 mov	 al, RxSeqNum		   ; Send expected seq num
Turbo Assembler	 Version 4.1	    04/04/26 20:56:31	    Page 76
DCEMLID.ASM



   4276	3F43  EE			 out	 dx, al
   4277
   4278					 ; Update NAK statistics
   4279	3F44  FF 06 0161r		 inc	 word ptr MLIDStatistics.MTxOKMulticastCount
   4280	3F48  83 16 0163r 00		 adc	 word ptr MLIDStatistics.MTxOKMulticastCount+2,	0
   4281
   4282	3F4D			     SendNAKDone:
   4283	3F4D  59			 pop	 cx
   4284	3F4E  5A			 pop	 dx
   4285	3F4F  58			 pop	 ax
   4286	3F50  C3			 ret
   4287	3F51			     SendNAK ENDP
   4288
   4289				     ;=============================================================================
   4290				     ; Backpressure Flow Control Routines
   4291				     ; Signal remote to	pause/resume when buffers fill/empty
   4292				     ;=============================================================================
   4293
   4294				     ;=============================================================================
   4295				     ; SendBackpressure	- Signal remote	to pause (mode-independent dispatcher)
   4296				     ;=============================================================================
   4297	3F51			     SendBackpressure PROC
   4298	3F51  50			 push	 ax
   4299
   4300	3F52  80 3E 01DCr 01		 cmp	 RxPaused, 1		     ; Already paused?
   4301	3F57  74 0F			 je	 BackpressureDone
   4302
   4303	3F59  80 3E 010Br 00		 cmp	 CfgData.Mode, 0	     ; Serial mode?
   4304	3F5E  74 05			 je	 BackpressureSerial
   4305					 ; Parallel mode (PAR4 or PAR8)
   4306	3F60  E8 0080			 call	 ParSendPause
   4307	3F63  EB 03			 jmp	 BackpressureDone
   4308
   4309	3F65			     BackpressureSerial:
   4310	3F65  E8 001B			 call	 SerialSendPause
   4311
   4312	3F68			     BackpressureDone:
   4313	3F68  58			 pop	 ax
   4314	3F69  C3			 ret
   4315	3F6A			     SendBackpressure ENDP
   4316
   4317				     ;=============================================================================
   4318				     ; ResumeBackpressure - Signal remote to resume (mode-independent dispatcher)
   4319				     ;=============================================================================
   4320	3F6A			     ResumeBackpressure	PROC
   4321	3F6A  50			 push	 ax
   4322
   4323	3F6B  80 3E 01DCr 00		 cmp	 RxPaused, 0		     ; Not paused?
   4324	3F70  74 0F			 je	 ResumeDone
   4325
   4326	3F72  80 3E 010Br 00		 cmp	 CfgData.Mode, 0	     ; Serial mode?
   4327	3F77  74 05			 je	 ResumeSerial
   4328					 ; Parallel mode (PAR4 or PAR8)
   4329	3F79  E8 007C			 call	 ParSendResume
   4330	3F7C  EB 03			 jmp	 ResumeDone
   4331
   4332	3F7E			     ResumeSerial:
Turbo Assembler	 Version 4.1	    04/04/26 20:56:31	    Page 77
DCEMLID.ASM



   4333	3F7E  E8 0032			 call	 SerialSendResume
   4334
   4335	3F81			     ResumeDone:
   4336	3F81  58			 pop	 ax
   4337	3F82  C3			 ret
   4338	3F83			     ResumeBackpressure	ENDP
   4339
   4340				     ;=============================================================================
   4341				     ; SerialSendPause - Pause remote via XOFF or lowering RTS (serial mode)
   4342				     ;=============================================================================
   4343	3F83			     SerialSendPause PROC
   4344	3F83  50			 push	 ax
   4345	3F84  52			 push	 dx
   4346
   4347	3F85  80 3E 0112r 01		 cmp	 CfgData.FlowCtrl, 1	     ; XON/XOFF	mode?
   4348	3F8A  75 14			 jne	 SerialPauseHardware
   4349
   4350					 ; Software flow: send XOFF character
   4351	3F8C  8B 16 010Cr		 mov	 dx, CfgData.Port
   4352	3F90  83 C2 05			 add	 dx, UART_LSR
   4353	3F93			     WaitXOFFReady:
   4354	3F93  EC			 in	 al, dx
   4355	3F94  A8 20			 test	 al, 20h		     ; THRE ready?
   4356	3F96  74 FB			 jz	 WaitXOFFReady
   4357	3F98  83 EA 05			 sub	 dx, UART_LSR
   4358	3F9B  B0 13			 mov	 al, XOFF_CHAR
   4359	3F9D  EE			 out	 dx, al
   4360	3F9E  EB 0B			 jmp	 SerialPauseSet
   4361
   4362	3FA0			     SerialPauseHardware:
   4363					 ; Hardware flow: lower	RTS
   4364	3FA0  8B 16 010Cr		 mov	 dx, CfgData.Port
   4365	3FA4  83 C2 04			 add	 dx, UART_MCR
   4366	3FA7  EC			 in	 al, dx
   4367	3FA8  24 FD			 and	 al, 0FDh		     ; Clear RTS bit (NOT MCR_RTS)
   4368	3FAA  EE			 out	 dx, al
   4369
   4370	3FAB			     SerialPauseSet:
   4371	3FAB  C6 06 01DCr 01		 mov	 RxPaused, 1
   4372
   4373	3FB0  5A			 pop	 dx
   4374	3FB1  58			 pop	 ax
   4375	3FB2  C3			 ret
   4376	3FB3			     SerialSendPause ENDP
   4377
   4378				     ;=============================================================================
   4379				     ; SerialSendResume	- Resume remote	via XON	or raising RTS (serial mode)
   4380				     ;=============================================================================
   4381	3FB3			     SerialSendResume PROC
   4382	3FB3  50			 push	 ax
   4383	3FB4  52			 push	 dx
   4384
   4385	3FB5  80 3E 0112r 01		 cmp	 CfgData.FlowCtrl, 1	     ; XON/XOFF	mode?
   4386	3FBA  75 14			 jne	 SerialResumeHardware
   4387
   4388					 ; Software flow: send XON character
   4389	3FBC  8B 16 010Cr		 mov	 dx, CfgData.Port
Turbo Assembler	 Version 4.1	    04/04/26 20:56:31	    Page 78
DCEMLID.ASM



   4390	3FC0  83 C2 05			 add	 dx, UART_LSR
   4391	3FC3			     WaitXONReady:
   4392	3FC3  EC			 in	 al, dx
   4393	3FC4  A8 20			 test	 al, 20h		     ; THRE ready?
   4394	3FC6  74 FB			 jz	 WaitXONReady
   4395	3FC8  83 EA 05			 sub	 dx, UART_LSR
   4396	3FCB  B0 11			 mov	 al, XON_CHAR
   4397	3FCD  EE			 out	 dx, al
   4398	3FCE  EB 0B			 jmp	 SerialResumeClear
   4399
   4400	3FD0			     SerialResumeHardware:
   4401					 ; Hardware flow: raise	RTS
   4402	3FD0  8B 16 010Cr		 mov	 dx, CfgData.Port
   4403	3FD4  83 C2 04			 add	 dx, UART_MCR
   4404	3FD7  EC			 in	 al, dx
   4405	3FD8  0C 02			 or	 al, MCR_RTS		     ; Set RTS bit
   4406	3FDA  EE			 out	 dx, al
   4407
   4408	3FDB			     SerialResumeClear:
   4409	3FDB  C6 06 01DCr 00		 mov	 RxPaused, 0
   4410
   4411	3FE0  5A			 pop	 dx
   4412	3FE1  58			 pop	 ax
   4413	3FE2  C3			 ret
   4414	3FE3			     SerialSendResume ENDP
   4415
   4416				     ;=============================================================================
   4417				     ; ParSendPause - Signal remote to pause (parallel mode)
   4418				     ; Uses INIT line (active low) - lowering it signals "not ready"
   4419				     ;=============================================================================
   4420	3FE3			     ParSendPause PROC
   4421	3FE3  50			 push	 ax
   4422	3FE4  52			 push	 dx
   4423
   4424					 ; Lower INIT line to signal "not ready	to receive"
   4425	3FE5  8B 16 010Cr		 mov	 dx, CfgData.Port
   4426	3FE9  83 C2 02			 add	 dx, LPT_CONTROL
   4427	3FEC  EC			 in	 al, dx
   4428	3FED  24 FB			 and	 al, 0FBh		     ; Clear INIT bit (NOT LPT_CTRL_INIT)
   4429	3FEF  EE			 out	 dx, al
   4430
   4431	3FF0  C6 06 01DCr 01		 mov	 RxPaused, 1
   4432
   4433	3FF5  5A			 pop	 dx
   4434	3FF6  58			 pop	 ax
   4435	3FF7  C3			 ret
   4436	3FF8			     ParSendPause ENDP
   4437
   4438				     ;=============================================================================
   4439				     ; ParSendResume - Signal remote to	resume (parallel mode)
   4440				     ; Raises INIT line	to signal "ready to receive"
   4441				     ;=============================================================================
   4442	3FF8			     ParSendResume PROC
   4443	3FF8  50			 push	 ax
   4444	3FF9  52			 push	 dx
   4445
   4446					 ; Raise INIT line to signal "ready to receive"
Turbo Assembler	 Version 4.1	    04/04/26 20:56:31	    Page 79
DCEMLID.ASM



   4447	3FFA  8B 16 010Cr		 mov	 dx, CfgData.Port
   4448	3FFE  83 C2 02			 add	 dx, LPT_CONTROL
   4449	4001  EC			 in	 al, dx
   4450	4002  0C 04			 or	 al, LPT_CTRL_INIT	     ; Set INIT	bit
   4451	4004  EE			 out	 dx, al
   4452
   4453	4005  C6 06 01DCr 00		 mov	 RxPaused, 0
   4454
   4455	400A  5A			 pop	 dx
   4456	400B  58			 pop	 ax
   4457	400C  C3			 ret
   4458	400D			     ParSendResume ENDP
   4459
   4460				     ;=============================================================================
   4461				     ; MLID Handler Functions
   4462				     ;=============================================================================
   4463
   4464	400D			     MLIDReceiveHandler	PROC FAR
   4465					 ; Stub	- actual implementation	handles	ECB
   4466	400D  CB			 ret
   4467	400E			     MLIDReceiveHandler	ENDP
   4468
   4469	400E			     MLIDTransmitHandler PROC FAR
   4470					 ; ES:SI = ECB to send
   4471					 ; Called by IPX to queue a packet for transmission
   4472	400E  50			 push	 ax
   4473	400F  53			 push	 bx
   4474	4010  51			 push	 cx
   4475	4011  52			 push	 dx
   4476	4012  1E			 push	 ds
   4477	4013  06			 push	 es
   4478	4014  56			 push	 si
   4479	4015  57			 push	 di
   4480
   4481					 ; Set up data segment
   4482	4016  8C C8			 mov	 ax, cs		     ; .COM file: CS=DS=ES
   4483	4018  8E D8			 mov	 ds, ax
   4484
   4485					 ; Mark	ECB as in use
   4486	401A  26: C6 44	08 FF		 mov	 byte ptr es:[si+ECB_InUse], 0FFh
   4487
   4488					 ; Add ECB to transmit queue
   4489	401F  E8 0013			 call	 QueueTransmitECB
   4490
   4491					 ; Start transmission if not already transmitting
   4492	4022  80 3E 01A9r 00		 cmp	 TxPending, 0
   4493	4027  75 03			 jne	 TxAlreadyActive
   4494	4029  E8 0059			 call	 StartNextTransmit
   4495
   4496	402C			     TxAlreadyActive:
   4497	402C  5F			 pop	 di
   4498	402D  5E			 pop	 si
   4499	402E  07			 pop	 es
   4500	402F  1F			 pop	 ds
   4501	4030  5A			 pop	 dx
   4502	4031  59			 pop	 cx
   4503	4032  5B			 pop	 bx
Turbo Assembler	 Version 4.1	    04/04/26 20:56:31	    Page 80
DCEMLID.ASM



   4504	4033  58			 pop	 ax
   4505	4034  CB			 retf
   4506	4035			     MLIDTransmitHandler ENDP
   4507
   4508				     ;=============================================================================
   4509				     ; QueueTransmitECB	- Add ECB to transmit queue
   4510				     ; Input: ES:SI = ECB address
   4511				     ;=============================================================================
   4512
   4513	4035			     QueueTransmitECB PROC
   4514	4035  50			 push	 ax
   4515	4036  53			 push	 bx
   4516
   4517					 ; Clear the link field	(this will be last in queue)
   4518	4037  26: C7 04	0000		 mov	 word ptr es:[si+ECB_Link], 0
   4519	403C  26: C7 44	02 0000		 mov	 word ptr es:[si+ECB_Link+2], 0
   4520
   4521					 ; Check if queue is empty
   4522	4042  83 3E 01B3r 00		 cmp	 word ptr TxQueueHead, 0
   4523	4047  75 1F			 jne	 QueueNotEmpty
   4524	4049  83 3E 01B5r 00		 cmp	 word ptr TxQueueHead+2, 0
   4525	404E  75 18			 jne	 QueueNotEmpty
   4526
   4527					 ; Queue is empty, this	is first ECB
   4528	4050  89 36 01B3r		 mov	 word ptr TxQueueHead, si
   4529	4054  8C 06 01B5r		 mov	 word ptr TxQueueHead+2, es
   4530	4058  89 36 01B7r		 mov	 word ptr TxQueueTail, si
   4531	405C  8C 06 01B9r		 mov	 word ptr TxQueueTail+2, es
   4532	4060  C7 06 01BBr 0001		 mov	 TxQueueCount, 1
   4533	4066  EB 1A			 jmp	 QueueDone
   4534
   4535	4068			     QueueNotEmpty:
   4536					 ; Add to tail of queue
   4537	4068  06			 push	 es
   4538	4069  56			 push	 si
   4539
   4540					 ; Load	tail ECB
   4541	406A  C4 36 01B7r		 les	 si, dword ptr TxQueueTail
   4542
   4543					 ; Get new ECB from stack
   4544	406E  5B			 pop	 bx			 ; New offset
   4545	406F  58			 pop	 ax			 ; New segment
   4546
   4547					 ; Link	tail to	new ECB
   4548	4070  26: 89 1C			 mov	 word ptr es:[si+ECB_Link], bx
   4549	4073  26: 89 44	02		 mov	 word ptr es:[si+ECB_Link+2], ax
   4550
   4551					 ; Update tail pointer
   4552	4077  89 1E 01B7r		 mov	 word ptr TxQueueTail, bx
   4553	407B  A3 01B9r			 mov	 word ptr TxQueueTail+2, ax
   4554	407E  FF 06 01BBr		 inc	 TxQueueCount
   4555
   4556	4082			     QueueDone:
   4557	4082  5B			 pop	 bx
   4558	4083  58			 pop	 ax
   4559	4084  C3			 ret
   4560	4085			     QueueTransmitECB ENDP
Turbo Assembler	 Version 4.1	    04/04/26 20:56:31	    Page 81
DCEMLID.ASM



   4561
   4562				     ;=============================================================================
   4563				     ; StartNextTransmit - Begin transmitting next queued ECB
   4564				     ;=============================================================================
   4565
   4566	4085			     StartNextTransmit PROC
   4567	4085  50			 push	 ax
   4568	4086  53			 push	 bx
   4569	4087  51			 push	 cx
   4570	4088  52			 push	 dx
   4571	4089  06			 push	 es
   4572	408A  56			 push	 si
   4573
   4574					 ; Check if queue is empty
   4575	408B  83 3E 01B3r 00		 cmp	 word ptr TxQueueHead, 0
   4576	4090  75 07			 jne	 HasPacket
   4577	4092  83 3E 01B5r 00		 cmp	 word ptr TxQueueHead+2, 0
   4578	4097  74 47			 je	 NoPacket
   4579
   4580	4099			     HasPacket:
   4581					 ; Load	ECB from queue head
   4582	4099  C4 36 01B3r		 les	 si, dword ptr TxQueueHead
   4583
   4584					 ; Save	current	ECB
   4585	409D  89 36 01BDr		 mov	 word ptr TxCurrentECB,	si
   4586	40A1  8C 06 01BFr		 mov	 word ptr TxCurrentECB+2, es
   4587	40A5  8C 06 01C1r		 mov	 TxCurrentSeg, es
   4588	40A9  89 36 01C3r		 mov	 TxCurrentOff, si
   4589
   4590					 ; Reset retry counter for new transmission
   4591	40AD  C6 06 01ACr 00		 mov	 TxRetryCount, 0
   4592
   4593					 ; Build packet	frame from ECB fragments
   4594	40B2  E8 0032			 call	 BuildTransmitFrame
   4595	40B5  72 1B			 jc	 TransmitError
   4596
   4597					 ; Start transmitting the frame
   4598	40B7  E8 00AD			 call	 TransmitFrame
   4599
   4600					 ; Complete ECB	immediately after transmission
   4601					 ; (For	now, don't wait	for ACK	- allows IPXODI	to work	without	peer)
   4602	40BA  26: C6 44	09 00		 mov	 byte ptr es:[si+ECB_CompCode],	ECB_SUCCESS
   4603	40BF  E8 019B			 call	 CompleteTransmitECB
   4604
   4605					 ; Start next transmission if queued
   4606	40C2  83 3E 01B3r 00		 cmp	 word ptr TxQueueHead, 0
   4607	40C7  74 17			 je	 StartDone
   4608	40C9  83 3E 01B5r 00		 cmp	 word ptr TxQueueHead+2, 0
   4609	40CE  74 10			 je	 StartDone
   4610	40D0  EB C7			 jmp	 HasPacket	     ; Process next queued ECB
   4611
   4612	40D2			     TransmitError:
   4613					 ; Complete ECB	with error
   4614	40D2  C4 36 01BDr		 les	 si, dword ptr TxCurrentECB
   4615	40D6  26: C6 44	09 FD		 mov	 byte ptr es:[si+ECB_CompCode],	ECB_HARDWARE
   4616	40DB  E8 017F			 call	 CompleteTransmitECB
   4617
Turbo Assembler	 Version 4.1	    04/04/26 20:56:31	    Page 82
DCEMLID.ASM



   4618					 ; Try next packet
   4619	40DE  EB B9			 jmp	 HasPacket
   4620
   4621	40E0			     NoPacket:
   4622	40E0			     StartDone:
   4623	40E0  5E			 pop	 si
   4624	40E1  07			 pop	 es
   4625	40E2  5A			 pop	 dx
   4626	40E3  59			 pop	 cx
   4627	40E4  5B			 pop	 bx
   4628	40E5  58			 pop	 ax
   4629	40E6  C3			 ret
   4630	40E7			     StartNextTransmit ENDP
   4631
   4632				     ;=============================================================================
   4633				     ; BuildTransmitFrame - Build frame	from ECB fragments
   4634				     ; Input: ES:SI = ECB
   4635				     ; Output: TxFrameBuffer contains frame, TxPacketSize = size, CF=1 on error
   4636				     ;=============================================================================
   4637
   4638	40E7			     BuildTransmitFrame	PROC
   4639	40E7  50			 push	 ax
   4640	40E8  53			 push	 bx
   4641	40E9  51			 push	 cx
   4642	40EA  52			 push	 dx
   4643	40EB  1E			 push	 ds
   4644	40EC  06			 push	 es
   4645	40ED  56			 push	 si
   4646	40EE  57			 push	 di
   4647
   4648					 ; Set up destination (TxFrameBuffer)
   4649	40EF  8C C8			 mov	 ax, cs		     ; .COM file: CS=DS=ES
   4650	40F1  8E D8			 mov	 ds, ax
   4651	40F3  BF 1C41r			 lea	 di, TxFrameBuffer
   4652
   4653					 ; Add frame header: sequence number + length (filled later)
   4654	40F6  A0 01A8r			 mov	 al, TxSeqNum
   4655	40F9  AA			 stosb
   4656	40FA  FE 06 01A8r		 inc	 TxSeqNum
   4657
   4658					 ; Save	position for length field
   4659	40FE  57			 push	 di
   4660	40FF  83 C7 02			 add	 di, 2			 ; Reserve 2 bytes for length
   4661
   4662					 ; Get fragment	count
   4663	4102  26: 8B 4C	22		 mov	 cx, es:[si+ECB_FragCount]
   4664	4106  85 C9			 test	 cx, cx
   4665	4108  74 52			 jz	 BuildError
   4666
   4667					 ; Point to fragment list
   4668	410A  83 C6 24			 add	 si, ECB_FragList
   4669
   4670	410D  33 DB			 xor	 bx, bx			 ; Total size counter
   4671
   4672	410F			     BuildFragLoop:
   4673	410F  51			 push	 cx
   4674
Turbo Assembler	 Version 4.1	    04/04/26 20:56:31	    Page 83
DCEMLID.ASM



   4675					 ; Load	fragment address and size
   4676	4110  26: 8B 04			 mov	 ax, word ptr es:[si+FRAG_Addr]
   4677	4113  26: 8B 54	02		 mov	 dx, word ptr es:[si+FRAG_Addr+2]
   4678	4117  26: 8B 4C	04		 mov	 cx, es:[si+FRAG_Size]
   4679
   4680					 ; Check for reasonable	size
   4681	411B  85 C9			 test	 cx, cx
   4682	411D  74 28			 jz	 BuildFragNext
   4683	411F  81 F9 0240		 cmp	 cx, MTU_SIZE
   4684	4123  77 37			 ja	 BuildError
   4685
   4686					 ; Add to total
   4687	4125  03 D9			 add	 bx, cx
   4688	4127  81 FB 0240		 cmp	 bx, MTU_SIZE
   4689	412B  77 2F			 ja	 BuildError
   4690
   4691					 ; Copy	fragment data
   4692	412D  06			 push	 es
   4693	412E  56			 push	 si
   4694
   4695	412F  8B F0			 mov	 si, ax
   4696	4131  8E C2			 mov	 es, dx
   4697
   4698					 ; ES:SI = source, DS:DI = dest, CX = count
   4699	4133  1E			 push	 ds
   4700	4134  58			 pop	 ax
   4701	4135  8E DA			 mov	 ds, dx
   4702	4137  50			 push	 ax
   4703	4138  07			 pop	 es
   4704
   4705					 ; Copy	fragment data (use word	moves for performance)
   4706	4139  D1 E9			 shr	 cx, 1		     ; Divide by 2 for word count
   4707	413B  F3> A5			 rep	 movsw		     ; Copy words
   4708	413D  13 C9			 adc	 cx, cx		     ; CX=1 if odd byte	remains
   4709	413F  F3> A4			 rep	 movsb		     ; Copy trailing byte if any
   4710
   4711					 ; Restore
   4712	4141  5E			 pop	 si
   4713	4142  07			 pop	 es
   4714
   4715	4143  8C C8			 mov	 ax, cs		     ; .COM file: CS=DS=ES
   4716	4145  8E D8			 mov	 ds, ax
   4717
   4718	4147			     BuildFragNext:
   4719	4147  83 C6 06			 add	 si, 6			 ; Next	fragment descriptor
   4720	414A  59			 pop	 cx
   4721	414B  E2 C2			 loop	 BuildFragLoop
   4722
   4723					 ; Store total packet size
   4724	414D  89 1E 01CBr		 mov	 TxPacketSize, bx
   4725
   4726					 ; Fill	in length field
   4727	4151  5F			 pop	 di			 ; Position after seq num
   4728	4152  8C C8			 mov	 ax, cs		     ; .COM file: CS=DS=ES
   4729	4154  8E C0			 mov	 es, ax
   4730	4156  8B C3			 mov	 ax, bx
   4731	4158  AB			 stosw				 ; Store length
Turbo Assembler	 Version 4.1	    04/04/26 20:56:31	    Page 84
DCEMLID.ASM



   4732
   4733	4159  F8			 clc
   4734	415A  EB 02			 jmp	 BuildDone
   4735
   4736	415C			     BuildError:
   4737	415C  5F			 pop	 di			 ; Clean up stack
   4738	415D  F9			 stc
   4739
   4740	415E			     BuildDone:
   4741	415E  5F			 pop	 di
   4742	415F  5E			 pop	 si
   4743	4160  07			 pop	 es
   4744	4161  1F			 pop	 ds
   4745	4162  5A			 pop	 dx
   4746	4163  59			 pop	 cx
   4747	4164  5B			 pop	 bx
   4748	4165  58			 pop	 ax
   4749	4166  C3			 ret
   4750	4167			     BuildTransmitFrame	ENDP
   4751
   4752				     ;=============================================================================
   4753				     ; TransmitFrame - Send frame with escaping	and CRC
   4754				     ; Input: TxFrameBuffer contains frame, TxPacketSize = size
   4755				     ;=============================================================================
   4756
   4757	4167			     TransmitFrame PROC
   4758	4167  50			 push	 ax
   4759	4168  53			 push	 bx
   4760	4169  51			 push	 cx
   4761	416A  52			 push	 dx
   4762	416B  56			 push	 si
   4763
   4764					 ; Calculate CRC for frame
   4765	416C  BE 1C41r			 lea	 si, TxFrameBuffer
   4766	416F  8B 0E 01CBr		 mov	 cx, TxPacketSize
   4767	4173  83 C1 03			 add	 cx, 3			 ; Include seq + length
   4768	4176  E8 00AB			 call	 CalculateFrameCRC
   4769
   4770					 ; Send	frame start delimiter
   4771	4179  B0 C0			 mov	 al, FRAME_START
   4772	417B  E8 008E			 call	 SendByte
   4773
   4774					 ; Send	frame with escaping
   4775	417E  BE 1C41r			 lea	 si, TxFrameBuffer
   4776	4181  8B 0E 01CBr		 mov	 cx, TxPacketSize
   4777	4185  83 C1 03			 add	 cx, 3			 ; Include seq + length
   4778
   4779	4188			     TransmitLoop:
   4780	4188  AC			 lodsb
   4781	4189  E8 0033			 call	 SendByteWithEscape
   4782	418C  E2 FA			 loop	 TransmitLoop
   4783
   4784					 ; Send	CRC
   4785	418E  A1 01CDr			 mov	 ax, word ptr TxCRC
   4786	4191  E8 002B			 call	 SendByteWithEscape	 ; Send	low byte
   4787	4194  8A C4			 mov	 al, ah
   4788	4196  E8 0026			 call	 SendByteWithEscape	 ; Send	high byte
Turbo Assembler	 Version 4.1	    04/04/26 20:56:31	    Page 85
DCEMLID.ASM



   4789
   4790					 ; Send	frame end delimiter
   4791	4199  B0 C0			 mov	 al, FRAME_START
   4792	419B  E8 006E			 call	 SendByte
   4793
   4794					 ; Update ODI statistics (required by GetMLIDStatistics)
   4795	419E  FF 06 0129r		 inc	 word ptr MLIDStatistics.MTotalTxPackets
   4796	41A2  83 16 012Br 00		 adc	 word ptr MLIDStatistics.MTotalTxPackets+2, 0
   4797
   4798					 ; Update legacy statistics
   4799	41A7  BB 016Br			 lea	 bx, Statistics.TxPackets
   4800	41AA  E8 04C5			 call	 Inc32
   4801	41AD  A1 01CBr			 mov	 ax, TxPacketSize
   4802	41B0  E8 04D1			 call	 ZeroExtend16to32    ; DX:AX = 32-bit size
   4803	41B3  BB 016Fr			 lea	 bx, Statistics.TxBytes
   4804	41B6  E8 04C1			 call	 Add32
   4805
   4806	41B9  5E			 pop	 si
   4807	41BA  5A			 pop	 dx
   4808	41BB  59			 pop	 cx
   4809	41BC  5B			 pop	 bx
   4810	41BD  58			 pop	 ax
   4811	41BE  C3			 ret
   4812	41BF			     TransmitFrame ENDP
   4813
   4814				     ;=============================================================================
   4815				     ; SendByteWithEscape - Send byte with SLIP	escaping
   4816				     ; Input: AL = byte	to send
   4817				     ;=============================================================================
   4818
   4819	41BF			     SendByteWithEscape	PROC
   4820	41BF  50			 push	 ax
   4821
   4822	41C0  3C C0			 cmp	 al, FRAME_START
   4823	41C2  74 18			 je	 EscapeStart
   4824	41C4  3C DB			 cmp	 al, FRAME_ESC
   4825	41C6  74 20			 je	 EscapeESC
   4826
   4827					 ; Check flow control mode for XON/XOFF	escaping
   4828	41C8  80 3E 0112r 01		 cmp	 CfgData.FlowCtrl, 1
   4829	41CD  75 08			 jne	 SendNormal
   4830
   4831	41CF  3C 11			 cmp	 al, XON_CHAR
   4832	41D1  74 21			 je	 EscapeXON
   4833	41D3  3C 13			 cmp	 al, XOFF_CHAR
   4834	41D5  74 29			 je	 EscapeXOFF
   4835
   4836	41D7			     SendNormal:
   4837	41D7  E8 0032			 call	 SendByte
   4838	41DA  EB 2E			 jmp	 SendEscDone
   4839
   4840	41DC			     EscapeStart:
   4841	41DC  B0 DB			 mov	 al, FRAME_ESC
   4842	41DE  E8 002B			 call	 SendByte
   4843	41E1  B0 DC			 mov	 al, ESC_START
   4844	41E3  E8 0026			 call	 SendByte
   4845	41E6  EB 22			 jmp	 SendEscDone
Turbo Assembler	 Version 4.1	    04/04/26 20:56:31	    Page 86
DCEMLID.ASM



   4846
   4847	41E8			     EscapeESC:
   4848	41E8  B0 DB			 mov	 al, FRAME_ESC
   4849	41EA  E8 001F			 call	 SendByte
   4850	41ED  B0 DD			 mov	 al, ESC_ESC
   4851	41EF  E8 001A			 call	 SendByte
   4852	41F2  EB 16			 jmp	 SendEscDone
   4853
   4854	41F4			     EscapeXON:
   4855	41F4  B0 DB			 mov	 al, FRAME_ESC
   4856	41F6  E8 0013			 call	 SendByte
   4857	41F9  B0 DE			 mov	 al, ESC_XON
   4858	41FB  E8 000E			 call	 SendByte
   4859	41FE  EB 0A			 jmp	 SendEscDone
   4860
   4861	4200			     EscapeXOFF:
   4862	4200  B0 DB			 mov	 al, FRAME_ESC
   4863	4202  E8 0007			 call	 SendByte
   4864	4205  B0 DF			 mov	 al, ESC_XOFF
   4865	4207  E8 0002			 call	 SendByte
   4866
   4867	420A			     SendEscDone:
   4868	420A  58			 pop	 ax
   4869	420B  C3			 ret
   4870	420C			     SendByteWithEscape	ENDP
   4871
   4872				     ;=============================================================================
   4873				     ; SendByte	- Send single byte to serial port
   4874				     ; Input: AL = byte
   4875				     ;=============================================================================
   4876
   4877	420C			     SendByte PROC
   4878	420C  50			 push	 ax
   4879	420D  52			 push	 dx
   4880
   4881	420E  8A E0			 mov	 ah, al
   4882	4210  8B 16 010Cr		 mov	 dx, CfgData.Port
   4883
   4884					 ; Wait	for transmitter	ready
   4885	4214			     SendWait:
   4886	4214  52			 push	 dx
   4887	4215  83 C2 05			 add	 dx, UART_LSR
   4888	4218  EC			 in	 al, dx
   4889	4219  A8 20			 test	 al, 20h
   4890	421B  5A			 pop	 dx
   4891	421C  74 F6			 jz	 SendWait
   4892
   4893					 ; Send	byte
   4894	421E  8A C4			 mov	 al, ah
   4895	4220  EE			 out	 dx, al
   4896
   4897	4221  5A			 pop	 dx
   4898	4222  58			 pop	 ax
   4899	4223  C3			 ret
   4900	4224			     SendByte ENDP
   4901
   4902				     ;=============================================================================
Turbo Assembler	 Version 4.1	    04/04/26 20:56:31	    Page 87
DCEMLID.ASM



   4903				     ; CalculateFrameCRC - Calculate CRC16 for frame
   4904				     ; Input: DS:SI = data, CX = length
   4905				     ; Output: TxCRC = calculated CRC
   4906				     ;=============================================================================
   4907
   4908	4224			     CalculateFrameCRC PROC
   4909	4224  50			 push	 ax
   4910	4225  53			 push	 bx
   4911	4226  51			 push	 cx
   4912	4227  56			 push	 si
   4913
   4914	4228  C7 06 01CDr FFFF		 mov	 word ptr TxCRC, 0FFFFh
   4915
   4916	422E			     CalcCRCLoop:
   4917	422E  AC			 lodsb
   4918	422F  E8 0007			 call	 UpdateTxCRC
   4919	4232  E2 FA			 loop	 CalcCRCLoop
   4920
   4921	4234  5E			 pop	 si
   4922	4235  59			 pop	 cx
   4923	4236  5B			 pop	 bx
   4924	4237  58			 pop	 ax
   4925	4238  C3			 ret
   4926	4239			     CalculateFrameCRC ENDP
   4927
   4928				     ;=============================================================================
   4929				     ; UpdateTxCRC - Update transmit CRC with one byte
   4930				     ; Input: AL = byte
   4931				     ;=============================================================================
   4932
   4933	4239			     UpdateTxCRC PROC
   4934	4239  50			 push	 ax
   4935	423A  53			 push	 bx
   4936	423B  51			 push	 cx
   4937
   4938	423C  32 E4			 xor	 ah, ah
   4939	423E  8B 1E 01CDr		 mov	 bx, word ptr TxCRC
   4940	4242  32 D8			 xor	 bl, al
   4941	4244  32 FF			 xor	 bh, bh
   4942	4246  D1 E3			 shl	 bx, 1
   4943	4248  2E: 8B 8F	3B56r		 mov	 cx, word ptr cs:CRCTable[bx]
   4944	424D  A1 01CDr			 mov	 ax, word ptr TxCRC
   4945	4250  8A C4			 mov	 al, ah		     ; shr ax, 8 - move	high byte to low
   4946	4252  32 E4			 xor	 ah, ah
   4947	4254  33 C1			 xor	 ax, cx
   4948	4256  A3 01CDr			 mov	 word ptr TxCRC, ax
   4949
   4950	4259  59			 pop	 cx
   4951	425A  5B			 pop	 bx
   4952	425B  58			 pop	 ax
   4953	425C  C3			 ret
   4954	425D			     UpdateTxCRC ENDP
   4955
   4956				     ;=============================================================================
   4957				     ; CompleteTransmitECB - Complete ECB and remove from queue	using ODI protocol
   4958				     ; Input: ES:SI = ECB, CompCode already set
   4959				     ; Uses SendComplete (BX=0Eh) and ServiceEvents (BX=0Bh)
Turbo Assembler	 Version 4.1	    04/04/26 20:56:31	    Page 88
DCEMLID.ASM



   4960				     ;=============================================================================
   4961
   4962	425D			     CompleteTransmitECB PROC
   4963	425D  50			 push	 ax
   4964	425E  53			 push	 bx
   4965	425F  51			 push	 cx
   4966	4260  52			 push	 dx
   4967	4261  1E			 push	 ds
   4968	4262  06			 push	 es
   4969	4263  56			 push	 si
   4970	4264  57			 push	 di
   4971
   4972	4265  8C C8			 mov	 ax, cs		     ; .COM file: CS=DS=ES
   4973	4267  8E D8			 mov	 ds, ax
   4974
   4975					 ; Remove from queue head
   4976	4269  26: 8B 04			 mov	 ax, word ptr es:[si+ECB_Link]
   4977	426C  26: 8B 54	02		 mov	 dx, word ptr es:[si+ECB_Link+2]
   4978	4270  A3 01B3r			 mov	 word ptr TxQueueHead, ax
   4979	4273  89 16 01B5r		 mov	 word ptr TxQueueHead+2, dx
   4980
   4981					 ; Update count
   4982	4277  FF 0E 01BBr		 dec	 TxQueueCount
   4983	427B  75 0C			 jnz	 QueueStillHasItems
   4984
   4985					 ; Queue is now	empty, clear tail too
   4986	427D  C7 06 01B7r 0000		 mov	 word ptr TxQueueTail, 0
   4987	4283  C7 06 01B9r 0000		 mov	 word ptr TxQueueTail+2, 0
   4988
   4989	4289			     QueueStillHasItems:
   4990					 ; Clear ECB in	use flag
   4991	4289  26: C6 44	08 00		 mov	 byte ptr es:[si+ECB_InUse], 0
   4992
   4993					 ; Clear current ECB tracking
   4994	428E  C7 06 01BDr 0000		 mov	 word ptr TxCurrentECB,	0
   4995	4294  C7 06 01BFr 0000		 mov	 word ptr TxCurrentECB+2, 0
   4996	429A  C6 06 01A9r 00		 mov	 TxPending, 0
   4997
   4998					 ; Use ODI SendComplete	to queue ECB for ESR dispatch
   4999					 ; BX =	0Eh (MLIDSUP_SEND_COMPLETE)
   5000					 ; ES:SI = pointer to ECB
   5001	429F  FA			 cli				 ; Interrupts must be disabled
   5002	42A0  BB 000E			 mov	 bx, MLIDSUP_SEND_COMPLETE   ; 0Eh
   5003	42A3  FF 1E 33F2r		 call	 dword ptr [LSLInfoBuf.LSLEntryPoint]
   5004
   5005					 ; Call	ServiceEvents to dispatch queued ESRs
   5006	42A7  BB 000B			 mov	 bx, MLIDSUP_SERVICE_EVENTS  ; 0Bh
   5007	42AA  FF 1E 33F2r		 call	 dword ptr [LSLInfoBuf.LSLEntryPoint]
   5008
   5009	42AE  FB			 sti				 ; Re-enable interrupts
   5010
   5011	42AF  5F			 pop	 di
   5012	42B0  5E			 pop	 si
   5013	42B1  07			 pop	 es
   5014	42B2  1F			 pop	 ds
   5015	42B3  5A			 pop	 dx
   5016	42B4  59			 pop	 cx
Turbo Assembler	 Version 4.1	    04/04/26 20:56:31	    Page 89
DCEMLID.ASM



   5017	42B5  5B			 pop	 bx
   5018	42B6  58			 pop	 ax
   5019	42B7  C3			 ret
   5020	42B8			     CompleteTransmitECB ENDP
   5021
   5022	42B8			     MLIDControlHandler	PROC FAR
   5023					 ; BX =	function code (ODI standard per	spec page 18-10	to 18-20)
   5024					 ; Function 0: GetMLIDConfiguration (required)
   5025					 ; Function 1: GetMLIDStatistics (required)
   5026					 ; Function 4: RegisterTxMonitor (required)
   5027					 ; Function 5: MLIDShutdown (required)
   5028					 ; Function 6: MLIDReset (required)
   5029					 ; Function 9: SetLookAheadSize	(required)
   5030					 ; Function 10:	PromiscuousChange (recommended)
   5031
   5032	42B8  83 FB 00			 cmp	 bx, 0		     ; GetMLIDConfiguration
   5033	42BB  74 2B			 je	 DoGetConfig
   5034	42BD  83 FB 01			 cmp	 bx, 1		     ; GetMLIDStatistics
   5035	42C0  74 2E			 je	 DoGetStats
   5036	42C2  83 FB 04			 cmp	 bx, 4		     ; RegisterTxMonitor
   5037	42C5  74 31			 je	 DoRegisterTxMon
   5038	42C7  83 FB 05			 cmp	 bx, 5		     ; MLIDShutdown
   5039	42CA  75 03 E9 0084		 je	 DoShutdown
   5040	42CF  83 FB 06			 cmp	 bx, 6		     ; MLIDReset
   5041	42D2  74 69			 je	 DoReset
   5042	42D4  83 FB 09			 cmp	 bx, 9		     ; SetLookAheadSize
   5043	42D7  75 03 E9 0086		 je	 DoSetLookAhead
   5044	42DC  83 FB 0A			 cmp	 bx, 10		     ; PromiscuousChange
   5045	42DF  75 03 E9 0095		 je	 DoPromiscuous
   5046
   5047					 ; Unsupported function
   5048	42E4  B8 8008			 mov	 ax, 8008h	     ; LSLERR_BAD_COMMAND
   5049	42E7  CB			 retf
   5050
   5051	42E8			     DoGetConfig:
   5052					 ; Return ES:SI	pointing to MLIDConfigTable
   5053					 ; This	is how IPXODI discovers	and binds to boards!
   5054	42E8  0E			 push	 cs
   5055	42E9  07			 pop	 es
   5056	42EA  BE 344Ar			 lea	 si, MLIDConfigTable
   5057	42ED  33 C0			 xor	 ax, ax		     ; AX=0 = success
   5058	42EF  CB			 retf
   5059
   5060	42F0			     DoGetStats:
   5061					 ; Return ES:SI	pointing to MLIDStatistics table
   5062	42F0  0E			 push	 cs
   5063	42F1  07			 pop	 es
   5064	42F2  BE 0121r			 lea	 si, MLIDStatistics
   5065	42F5  33 C0			 xor	 ax, ax		     ; AX=0 = success
   5066	42F7  CB			 retf
   5067
   5068	42F8			     DoRegisterTxMon:
   5069					 ; CX =	0 to disable, non-zero to enable
   5070					 ; ES:SI = pointer to TX monitor routine
   5071	42F8  85 C9			 test	 cx, cx
   5072	42FA  74 1B			 jz	 DisableTxMon
   5073
Turbo Assembler	 Version 4.1	    04/04/26 20:56:31	    Page 90
DCEMLID.ASM



   5074					 ; Check if already registered
   5075	42FC  80 3E 0195r 00		 cmp	 TxMonitorActive, 0
   5076	4301  75 10			 jne	 TxMonAlreadyReg
   5077
   5078					 ; Register TX monitor
   5079	4303  89 36 0191r		 mov	 TxMonitorOff, si
   5080	4307  8C 06 0193r		 mov	 TxMonitorSeg, es
   5081	430B  C6 06 0195r 01		 mov	 TxMonitorActive, 1
   5082	4310  33 C0			 xor	 ax, ax		     ; AX=0 = success
   5083	4312  CB			 retf
   5084
   5085	4313			     TxMonAlreadyReg:
   5086	4313  B8 8001			 mov	 ax, 8001h	     ; LSLERR_OUT_OF_RESOURCES
   5087	4316  CB			 retf
   5088
   5089	4317			     DisableTxMon:
   5090					 ; Verify ES:SI	matches	registered monitor
   5091	4317  3B 36 0191r		 cmp	 si, TxMonitorOff
   5092	431B  75 1C			 jne	 TxMonBadParam
   5093	431D  8C C0			 mov	 ax, es
   5094	431F  3B 06 0193r		 cmp	 ax, TxMonitorSeg
   5095	4323  75 14			 jne	 TxMonBadParam
   5096
   5097					 ; Disable TX monitor
   5098	4325  C6 06 0195r 00		 mov	 TxMonitorActive, 0
   5099	432A  C7 06 0191r 0000		 mov	 TxMonitorOff, 0
   5100	4330  C7 06 0193r 0000		 mov	 TxMonitorSeg, 0
   5101	4336  33 C0			 xor	 ax, ax		     ; AX=0 = success
   5102	4338  CB			 retf
   5103
   5104	4339			     TxMonBadParam:
   5105	4339  B8 8002			 mov	 ax, 8002h	     ; LSLERR_BAD_PARAMETER
   5106	433C  CB			 retf
   5107
   5108	433D			     DoReset:
   5109					 ; Reset hardware and buffers
   5110	433D  E8 ECB8			 call	 InitSerialPort
   5111	4340  C6 06 01D4r 00		 mov	 RxState, STATE_IDLE
   5112	4345  C7 06 01D6r 0000		 mov	 RxBufIdx, 0
   5113	434B  C6 06 01A9r 00		 mov	 TxPending, 0
   5114	4350  33 C0			 xor	 ax, ax		     ; AX=0 = success
   5115	4352  CB			 retf
   5116
   5117	4353			     DoShutdown:
   5118					 ; CX=0: permanent shutdown, CX	non-zero: temporary
   5119					 ; Disable UART	interrupts
   5120	4353  52			 push	 dx
   5121	4354  8B 16 010Cr		 mov	 dx, CfgData.Port
   5122	4358  83 C2 01			 add	 dx, UART_IER
   5123	435B  32 C0			 xor	 al, al
   5124	435D  EE			 out	 dx, al
   5125	435E  5A			 pop	 dx
   5126	435F  33 C0			 xor	 ax, ax		     ; AX=0 = success
   5127	4361  CB			 retf
   5128
   5129	4362			     DoSetLookAhead:
   5130					 ; CX =	requested lookahead size (0-128)
Turbo Assembler	 Version 4.1	    04/04/26 20:56:31	    Page 91
DCEMLID.ASM



   5131					 ; Only	increase, never	decrease
   5132	4362  3B 0E 0196r		 cmp	 cx, CurrentLookAhead
   5133	4366  76 0E			 jbe	 LookAheadOK
   5134	4368  81 F9 0080		 cmp	 cx, 128	     ; Max 128 per spec
   5135	436C  77 08			 ja	 LookAheadOK
   5136	436E  89 0E 0196r		 mov	 CurrentLookAhead, cx
   5137					 ; Update config table
   5138	4372  89 0E 348Er		 mov	 MLIDConfigTable.LookAheadSize,	cx
   5139	4376			     LookAheadOK:
   5140	4376  33 C0			 xor	 ax, ax		     ; AX=0 = success
   5141	4378  CB			 retf
   5142
   5143	4379			     DoPromiscuous:
   5144					 ; CX =	promiscuous mode (0=off, 1=on)
   5145					 ; For serial link, promiscuous	mode not applicable
   5146	4379  33 C0			 xor	 ax, ax		     ; AX=0 = success
   5147	437B  CB			 retf
   5148
   5149	437C			     MLIDControlHandler	ENDP
   5150
   5151				     ;=============================================================================
   5152				     ; PrintInstallMessage - Display installation success message
   5153				     ;=============================================================================
   5154
   5155	437C			     PrintInstallMessage PROC
   5156	437C  BA 1F53r			 lea	 dx, MsgLoaded
   5157	437F  B4 09			 mov	 ah, 09h
   5158	4381  CD 21			 int	 21h
   5159
   5160					 ; Print mode
   5161	4383  80 3E 010Br 00		 cmp	 CfgData.Mode, 0
   5162	4388  74 1D			 je	 PrintSerial
   5163	438A  80 3E 010Br 01		 cmp	 CfgData.Mode, 1
   5164	438F  74 11			 je	 PrintPar4
   5165
   5166					 ; PAR8	mode
   5167	4391  80 3E 011Br 00		 cmp	 CfgData.ParMode, 0
   5168	4396  74 05			 je	 PrintPar8EPP
   5169	4398  BA 1F7Br			 lea	 dx, MsgPar8PS2
   5170	439B  EB 0D			 jmp	 PrintModeStr
   5171
   5172	439D			     PrintPar8EPP:
   5173	439D  BA 1F71r			 lea	 dx, MsgPar8EPP
   5174	43A0  EB 08			 jmp	 PrintModeStr
   5175
   5176	43A2			     PrintPar4:
   5177	43A2  BA 1F6Br			 lea	 dx, MsgPar4
   5178	43A5  EB 03			 jmp	 PrintModeStr
   5179
   5180	43A7			     PrintSerial:
   5181	43A7  BA 1F63r			 lea	 dx, MsgSerial
   5182
   5183	43AA			     PrintModeStr:
   5184	43AA  B4 09			 mov	 ah, 09h
   5185	43AC  CD 21			 int	 21h
   5186
   5187					 ; Print port
Turbo Assembler	 Version 4.1	    04/04/26 20:56:31	    Page 92
DCEMLID.ASM



   5188	43AE  BA 1F85r			 lea	 dx, MsgPort
   5189	43B1  B4 09			 mov	 ah, 09h
   5190	43B3  CD 21			 int	 21h
   5191	43B5  A1 010Cr			 mov	 ax, CfgData.Port
   5192	43B8  E8 0100			 call	 PrintHexWord
   5193
   5194					 ; Print IRQ
   5195	43BB  BA 1F8Br			 lea	 dx, MsgIRQ
   5196	43BE  B4 09			 mov	 ah, 09h
   5197	43C0  CD 21			 int	 21h
   5198	43C2  33 C0			 xor	 ax, ax
   5199	43C4  A0 0119r			 mov	 al, CfgData.IRQNum
   5200	43C7  E8 0120			 call	 PrintDecimal
   5201
   5202					 ; Print MAC address
   5203	43CA  BA 1F91r			 lea	 dx, MsgMAC
   5204	43CD  B4 09			 mov	 ah, 09h
   5205	43CF  CD 21			 int	 21h
   5206	43D1  BE 0113r			 lea	 si, CfgData.MacAddr
   5207	43D4  E8 0135			 call	 PrintMACAddress
   5208
   5209					 ; Print baud rate if serial
   5210	43D7  80 3E 010Br 00		 cmp	 CfgData.Mode, 0
   5211	43DC  75 7A 90 90 90		 jne	 NoBaud
   5212	43E1  BA 1F97r			 lea	 dx, MsgBaud
   5213	43E4  B4 09			 mov	 ah, 09h
   5214	43E6  CD 21			 int	 21h
   5215
   5216					 ; Look	up baud	rate and print appropriate string
   5217					 ; Baud	rate is	32-bit,	compare	against	known values
   5218	43E8  A1 010Er			 mov	 ax, word ptr CfgData.BaudRate
   5219	43EB  8B 16 0110r		 mov	 dx, word ptr CfgData.BaudRate+2
   5220
   5221					 ; Check 9600 (0x00002580)
   5222	43EF  83 FA 00			 cmp	 dx, 0
   5223	43F2  75 28			 jne	 CheckHighBaud
   5224	43F4  3D 2580			 cmp	 ax, 9600
   5225	43F7  75 05			 jne	 Check19200
   5226	43F9  BA 1F9Dr			 lea	 dx, MsgBaud9600
   5227	43FC  EB 30			 jmp	 PrintBaudStr
   5228
   5229	43FE			     Check19200:
   5230	43FE  3D 4B00			 cmp	 ax, 19200
   5231	4401  75 05			 jne	 Check38400
   5232	4403  BA 1FA2r			 lea	 dx, MsgBaud19200
   5233	4406  EB 26			 jmp	 PrintBaudStr
   5234
   5235	4408			     Check38400:
   5236	4408  3D 9600			 cmp	 ax, 38400
   5237	440B  75 05			 jne	 Check57600
   5238	440D  BA 1FA8r			 lea	 dx, MsgBaud38400
   5239	4410  EB 1C			 jmp	 PrintBaudStr
   5240
   5241	4412			     Check57600:
   5242	4412  3D E100			 cmp	 ax, 57600
   5243	4415  75 05			 jne	 CheckHighBaud
   5244	4417  BA 1FAEr			 lea	 dx, MsgBaud57600
Turbo Assembler	 Version 4.1	    04/04/26 20:56:31	    Page 93
DCEMLID.ASM



   5245	441A  EB 12			 jmp	 PrintBaudStr
   5246
   5247	441C			     CheckHighBaud:
   5248					 ; Check 115200	(0x0001C200)
   5249	441C  83 FA 01			 cmp	 dx, 1
   5250	441F  75 0A			 jne	 BaudUnknown
   5251	4421  3D C200			 cmp	 ax, 0C200h
   5252	4424  75 05			 jne	 BaudUnknown
   5253	4426  BA 1FB4r			 lea	 dx, MsgBaud115200
   5254	4429  EB 03			 jmp	 PrintBaudStr
   5255
   5256	442B			     BaudUnknown:
   5257	442B  BA 1FBBr			 lea	 dx, MsgBaudUnknown
   5258
   5259	442E			     PrintBaudStr:
   5260	442E  B4 09			 mov	 ah, 09h
   5261	4430  CD 21			 int	 21h
   5262
   5263					 ; Print UART type
   5264	4432  80 3E 011Ar 00		 cmp	 CfgData.UARTType, 0
   5265	4437  74 05			 je	 Print8250
   5266	4439  BA 1FC5r			 lea	 dx, Msg16550
   5267	443C  EB 03			 jmp	 PrintUARTType
   5268
   5269	443E			     Print8250:
   5270	443E  BA 1FBDr			 lea	 dx, Msg8250
   5271
   5272	4441			     PrintUARTType:
   5273	4441  B4 09			 mov	 ah, 09h
   5274	4443  CD 21			 int	 21h
   5275
   5276					 ; Print flow control setting
   5277	4445  80 3E 0112r 00		 cmp	 CfgData.FlowCtrl, 0
   5278	444A  74 05			 je	 PrintFlowRTS
   5279	444C  BA 1FDCr			 lea	 dx, MsgFlowXON
   5280	444F  EB 03			 jmp	 PrintFlowStr
   5281	4451			     PrintFlowRTS:
   5282	4451  BA 1FCEr			 lea	 dx, MsgFlowRTS
   5283	4454			     PrintFlowStr:
   5284	4454  B4 09			 mov	 ah, 09h
   5285	4456  CD 21			 int	 21h
   5286
   5287	4458			     NoBaud:
   5288					 ; Print memory	location
   5289	4458  80 3E 3271r 01		 cmp	 UMBAllocated, 1
   5290	445D  74 05			 je	 PrintUMBMsg
   5291	445F  BA 1FF2r			 lea	 dx, MsgConv
   5292	4462  EB 03			 jmp	 PrintMemMsg
   5293
   5294	4464			     PrintUMBMsg:
   5295	4464  BA 1FEBr			 lea	 dx, MsgUMB
   5296
   5297	4467			     PrintMemMsg:
   5298	4467  B4 09			 mov	 ah, 09h
   5299	4469  CD 21			 int	 21h
   5300
   5301					 ; Print newline
Turbo Assembler	 Version 4.1	    04/04/26 20:56:31	    Page 94
DCEMLID.ASM



   5302	446B  BA 2002r			 lea	 dx, MsgCRLF
   5303	446E  B4 09			 mov	 ah, 09h
   5304	4470  CD 21			 int	 21h
   5305
   5306	4472  C3			 ret
   5307	4473			     PrintInstallMessage ENDP
   5308
   5309				     ;=============================================================================
   5310				     ; PrintDetectionInfo - Print port/mode before hardware detection
   5311				     ;=============================================================================
   5312
   5313	4473			     PrintDetectionInfo	PROC
   5314	4473  50			 push	 ax
   5315	4474  52			 push	 dx
   5316
   5317					 ; Print "Detecting hardware at	port "
   5318	4475  BA 22B1r			 lea	 dx, MsgDbgPort
   5319	4478  B4 09			 mov	 ah, 09h
   5320	447A  CD 21			 int	 21h
   5321
   5322					 ; Print port value in hex
   5323	447C  A1 010Cr			 mov	 ax, CfgData.Port
   5324	447F  E8 0039			 call	 PrintHexWord
   5325
   5326					 ; Print " mode="
   5327	4482  BA 22CDr			 lea	 dx, MsgDbgMode
   5328	4485  B4 09			 mov	 ah, 09h
   5329	4487  CD 21			 int	 21h
   5330
   5331					 ; Print mode name
   5332	4489  80 3E 010Br 00		 cmp	 CfgData.Mode, 0
   5333	448E  74 10			 je	 PrintModeSerial
   5334	4490  80 3E 010Br 01		 cmp	 CfgData.Mode, 1
   5335	4495  74 0E			 je	 PrintModePar4
   5336	4497  80 3E 010Br 02		 cmp	 CfgData.Mode, 2
   5337	449C  74 0C			 je	 PrintModePar8
   5338	449E  EB 11			 jmp	 PrintModeEnd
   5339
   5340	44A0			     PrintModeSerial:
   5341	44A0  BA 22D4r			 lea	 dx, MsgDbgSerial
   5342	44A3  EB 08			 jmp	 PrintModeName
   5343	44A5			     PrintModePar4:
   5344	44A5  BA 22DBr			 lea	 dx, MsgDbgPar4
   5345	44A8  EB 03			 jmp	 PrintModeName
   5346	44AA			     PrintModePar8:
   5347	44AA  BA 22E0r			 lea	 dx, MsgDbgPar8
   5348
   5349	44AD			     PrintModeName:
   5350	44AD  B4 09			 mov	 ah, 09h
   5351	44AF  CD 21			 int	 21h
   5352
   5353	44B1			     PrintModeEnd:
   5354					 ; Print newline
   5355	44B1  BA 2002r			 lea	 dx, MsgCRLF
   5356	44B4  B4 09			 mov	 ah, 09h
   5357	44B6  CD 21			 int	 21h
   5358
Turbo Assembler	 Version 4.1	    04/04/26 20:56:31	    Page 95
DCEMLID.ASM



   5359	44B8  5A			 pop	 dx
   5360	44B9  58			 pop	 ax
   5361	44BA  C3			 ret
   5362	44BB			     PrintDetectionInfo	ENDP
   5363
   5364				     ;=============================================================================
   5365				     ; Helper Printing Functions
   5366				     ;=============================================================================
   5367
   5368	44BB			     PrintHexWord PROC
   5369					 ; Print AX as hex
   5370	44BB  50			 push	 ax
   5371	44BC  8A C4			 mov	 al, ah
   5372	44BE  E8 0005			 call	 PrintHexByte
   5373	44C1  58			 pop	 ax
   5374	44C2  E8 0001			 call	 PrintHexByte
   5375	44C5  C3			 ret
   5376	44C6			     PrintHexWord ENDP
   5377
   5378	44C6			     PrintHexByte PROC
   5379					 ; Print AL as hex
   5380	44C6  50			 push	 ax
   5381	44C7  51			 push	 cx
   5382	44C8  B1 04			 mov	 cl, 4
   5383	44CA  D2 E8			 shr	 al, cl
   5384	44CC  E8 0008			 call	 PrintHexDigit
   5385	44CF  59			 pop	 cx
   5386	44D0  58			 pop	 ax
   5387	44D1  24 0F			 and	 al, 0Fh
   5388	44D3  E8 0001			 call	 PrintHexDigit
   5389	44D6  C3			 ret
   5390	44D7			     PrintHexByte ENDP
   5391
   5392	44D7			     PrintHexDigit PROC
   5393					 ; Print hex digit in AL
   5394	44D7  3C 0A			 cmp	 al, 10
   5395	44D9  72 04			 jb	 HexDigitNumeric
   5396	44DB  04 37			 add	 al, 'A' - 10
   5397	44DD  EB 02			 jmp	 HexDigitPrint
   5398	44DF			     HexDigitNumeric:
   5399	44DF  04 30			 add	 al, '0'
   5400	44E1			     HexDigitPrint:
   5401	44E1  52			 push	 dx
   5402	44E2  8A D0			 mov	 dl, al
   5403	44E4  B4 02			 mov	 ah, 02h
   5404	44E6  CD 21			 int	 21h
   5405	44E8  5A			 pop	 dx
   5406	44E9  C3			 ret
   5407	44EA			     PrintHexDigit ENDP
   5408
   5409	44EA			     PrintDecimal PROC
   5410					 ; Print AX as decimal
   5411	44EA  50			 push	 ax
   5412	44EB  53			 push	 bx
   5413	44EC  51			 push	 cx
   5414	44ED  52			 push	 dx
   5415
Turbo Assembler	 Version 4.1	    04/04/26 20:56:31	    Page 96
DCEMLID.ASM



   5416	44EE  33 C9			 xor	 cx, cx
   5417	44F0  BB 000A			 mov	 bx, 10
   5418
   5419	44F3			     DecimalLoop:
   5420	44F3  33 D2			 xor	 dx, dx
   5421	44F5  F7 F3			 div	 bx
   5422	44F7  52			 push	 dx
   5423	44F8  41			 inc	 cx
   5424	44F9  85 C0			 test	 ax, ax
   5425	44FB  75 F6			 jnz	 DecimalLoop
   5426
   5427	44FD			     PrintDigits:
   5428	44FD  5A			 pop	 dx
   5429	44FE  80 C2 30			 add	 dl, '0'
   5430	4501  B4 02			 mov	 ah, 02h
   5431	4503  CD 21			 int	 21h
   5432	4505  E2 F6			 loop	 PrintDigits
   5433
   5434	4507  5A			 pop	 dx
   5435	4508  59			 pop	 cx
   5436	4509  5B			 pop	 bx
   5437	450A  58			 pop	 ax
   5438	450B  C3			 ret
   5439	450C			     PrintDecimal ENDP
   5440
   5441	450C			     PrintMACAddress PROC
   5442					 ; Print MAC address at	DS:SI
   5443	450C  51			 push	 cx
   5444	450D  B9 0006			 mov	 cx, 6
   5445	4510			     PrintMACLoop:
   5446	4510  AC			 lodsb
   5447	4511  E8 FFB2			 call	 PrintHexByte
   5448	4514  49			 dec	 cx
   5449	4515  74 0A			 jz	 PrintMACDone
   5450	4517  52			 push	 dx
   5451	4518  B2 2D			 mov	 dl, '-'
   5452	451A  B4 02			 mov	 ah, 02h
   5453	451C  CD 21			 int	 21h
   5454	451E  5A			 pop	 dx
   5455	451F  EB EF			 jmp	 PrintMACLoop
   5456	4521			     PrintMACDone:
   5457	4521  59			 pop	 cx
   5458	4522  C3			 ret
   5459	4523			     PrintMACAddress ENDP
   5460
   5461				     ;=============================================================================
   5462				     ; UnloadDriver - Unload the TSR driver
   5463				     ;=============================================================================
   5464
   5465	4523			     UnloadDriver PROC
   5466					 ; Check if driver is loaded via multiplex (subfunction	01h to get info)
   5467	4523  B8 C0A1			 mov	 ax, MULTIPLEX_ID + 01h	 ; AH=ID, AL=01h (get info)
   5468	4526  CD 2F			 int	 2Fh
   5469	4528  3C FF			 cmp	 al, 0FFh
   5470	452A  74 03 E9 011F		 jne	 NotLoaded
   5471
   5472					 ; ES =	TSR segment, BX	= board	number
Turbo Assembler	 Version 4.1	    04/04/26 20:56:31	    Page 97
DCEMLID.ASM



   5473	452F  8C 06 244Er		 mov	 Unload_TSRSeg,	es
   5474	4533  89 1E 2450r		 mov	 Unload_TSRBoardNum, bx
   5475
   5476					 ; Check if driver is busy (access TSR's data via ES)
   5477	4537  26: 80 3E	018Cr 01	 cmp	 byte ptr es:[DriverActive], 1
   5478	453D  75 03 E9 0118		 je	 DriverBusy
   5479
   5480					 ; Check if transmit pending
   5481	4542  26: 80 3E	01A9r 01	 cmp	 byte ptr es:[TxPending], 1
   5482	4548  75 03 E9 010D		 je	 DriverBusy
   5483
   5484					 ; Save	TSR config data	for later use
   5485	454D  26: A1 010Cr		 mov	 ax, es:[CfgData.Port]
   5486	4551  A3 2452r			 mov	 Unload_TSRPort, ax
   5487	4554  26: A0 010Br		 mov	 al, es:[CfgData.Mode]
   5488	4558  A2 2454r			 mov	 Unload_TSRMode, al
   5489	455B  26: A0 0119r		 mov	 al, es:[CfgData.IRQNum]
   5490	455F  A2 2455r			 mov	 Unload_TSRIRQNum, al
   5491
   5492					 ; ===== CHECK IF WE'RE	THE LAST INT 2FH HANDLER =====
   5493					 ; Get current INT 2Fh vector
   5494	4562  B8 352F			 mov	 ax, 352Fh
   5495	4565  CD 21			 int	 21h			 ; ES:BX = current INT 2Fh handler
   5496
   5497					 ; Compare with	TSR's Int2FHandler address
   5498	4567  A1 244Er			 mov	 ax, Unload_TSRSeg
   5499	456A  81 FB 36B3r		 cmp	 bx, OFFSET Int2FHandler ; Check offset
   5500	456E  74 03 E9 00F3		 jne	 NotLastHandler
   5501	4573  8C C1			 mov	 cx, es
   5502	4575  3B C8			 cmp	 cx, ax			 ; Check segment
   5503	4577  74 03 E9 00EA		 jne	 NotLastHandler
   5504
   5505					 ; Restore ES to TSR segment for further use
   5506	457C  8E 06 244Er		 mov	 es, Unload_TSRSeg
   5507
   5508					 ; ===== DEREGISTER FROM LSL =====
   5509					 ; Call	DeregisterMLID via LSL MLID Support entry point
   5510					 ; The entry point is in the TSR's LSLInfoBuf.LSLEntryPoint
   5511					 ; BX =	0006h (DeregisterMLID =	MLIDSUP_DEREGISTER_MLID), AX = board number
   5512					 ; MUST	use ES:	override since DS points to unloader, not TSR!
   5513	4580  26: A1 019Er		 mov	 ax, es:[LSLBoardNum]	 ; Get board number from TSR
   5514	4584  BB 0006			 mov	 bx, 0006h		 ; DeregisterMLID function (6, not 2!)
   5515	4587  26: FF 1E	33F2r		 call	 dword ptr es:[LSLInfoBuf.LSLEntryPoint]
   5516
   5517					 ; Check for deregistration error
   5518	458C  85 C0			 test	 ax, ax
   5519	458E  74 09			 jz	 DeregisterOK
   5520
   5521					 ; Deregistration failed - print warning and continue
   5522	4590  50			 push	 ax
   5523	4591  BA 20E6r			 lea	 dx, MsgWarnDeregister
   5524	4594  B4 09			 mov	 ah, 09h
   5525	4596  CD 21			 int	 21h
   5526	4598  58			 pop	 ax
   5527					 ; Continue anyway - driver may	be partially unloaded
   5528
   5529	4599			     DeregisterOK:
Turbo Assembler	 Version 4.1	    04/04/26 20:56:31	    Page 98
DCEMLID.ASM



   5530					 ; ===== CALL MLID SHUTDOWN (PERMANENT)	=====
   5531					 ; Call	the TSR's MLIDShutdownProc to clear internal state
   5532					 ; CX=0000h indicates permanent	shutdown (for cleanup only, already deregistered)
   5533	4599  8E 06 244Er		 mov	 es, Unload_TSRSeg	 ; Restore ES in case LSL call modified	it
   5534	459D  33 C9			 xor	 cx, cx			 ; CX=0000h = permanent	shutdown
   5535	459F  26: FF 1E	3436r		 call	 dword ptr es:[MLIDFunctions.MLIDShutdown]
   5536
   5537					 ; ===== DISABLE HARDWARE INTERRUPTS =====
   5538	45A4  8B 16 2452r		 mov	 dx, Unload_TSRPort
   5539	45A8  80 3E 2454r 00		 cmp	 Unload_TSRMode, 0
   5540	45AD  75 08			 jne	 DisableParallel
   5541
   5542					 ; Disable serial interrupts
   5543	45AF  83 C2 01			 add	 dx, UART_IER
   5544	45B2  32 C0			 xor	 al, al
   5545	45B4  EE			 out	 dx, al
   5546	45B5  EB 06			 jmp	 InterruptsDisabled
   5547
   5548	45B7			     DisableParallel:
   5549					 ; Disable parallel interrupts
   5550	45B7  83 C2 02			 add	 dx, LPT_CONTROL
   5551	45BA  B0 04			 mov	 al, LPT_CTRL_INIT
   5552	45BC  EE			 out	 dx, al
   5553
   5554	45BD			     InterruptsDisabled:
   5555					 ; ===== DISABLE IRQ AT	PIC =====
   5556	45BD  A0 2455r			 mov	 al, Unload_TSRIRQNum
   5557	45C0  3C 08			 cmp	 al, 8
   5558	45C2  72 12			 jb	 DisablePIC1
   5559
   5560					 ; IRQ 8-15: Use slave PIC (port 0A1h)
   5561	45C4  2C 08			 sub	 al, 8
   5562	45C6  8A C8			 mov	 cl, al
   5563	45C8  B0 01			 mov	 al, 1
   5564	45CA  D2 E0			 shl	 al, cl			 ; AL =	mask bit for this IRQ
   5565	45CC  8A E0			 mov	 ah, al			 ; Save	mask bit
   5566	45CE  E4 A1			 in	 al, 0A1h
   5567	45D0  0A C4			 or	 al, ah			 ; Set the mask	bit to disable IRQ
   5568	45D2  E6 A1			 out	 0A1h, al
   5569	45D4  EB 0E			 jmp	 IRQDisabled
   5570
   5571	45D6			     DisablePIC1:
   5572					 ; IRQ 0-7: Use	master PIC (port 021h)
   5573	45D6  8A C8			 mov	 cl, al
   5574	45D8  B0 01			 mov	 al, 1
   5575	45DA  D2 E0			 shl	 al, cl			 ; AL =	mask bit for this IRQ
   5576	45DC  8A E0			 mov	 ah, al			 ; Save	mask bit
   5577	45DE  E4 21			 in	 al, 021h
   5578	45E0  0A C4			 or	 al, ah			 ; Set the mask	bit to disable IRQ
   5579	45E2  E6 21			 out	 021h, al
   5580
   5581	45E4			     IRQDisabled:
   5582					 ; ===== RESTORE INTERRUPT VECTORS =====
   5583					 ; Access TSR's	saved vectors via Unload_TSRSeg
   5584	45E4  8E 06 244Er		 mov	 es, Unload_TSRSeg
   5585
   5586					 ; Restore INT 2Fh vector
Turbo Assembler	 Version 4.1	    04/04/26 20:56:31	    Page 99
DCEMLID.ASM



   5587	45E8  26: 8B 16	01A0r		 mov	 dx, es:[OldInt2F_Off]
   5588	45ED  26: A1 01A2r		 mov	 ax, es:[OldInt2F_Seg]
   5589	45F1  1E			 push	 ds
   5590	45F2  8E D8			 mov	 ds, ax
   5591	45F4  B8 252F			 mov	 ax, 252Fh
   5592	45F7  CD 21			 int	 21h
   5593	45F9  1F			 pop	 ds
   5594
   5595					 ; Restore INT 1Ch (timer) if it was hooked for	verbose	mode
   5596	45FA  8E 06 244Er		 mov	 es, Unload_TSRSeg
   5597	45FE  26: A1 29F9r		 mov	 ax, es:[OldInt1C_Off]
   5598	4602  85 C0			 test	 ax, ax
   5599	4604  74 0F			 jz	 SkipRestoreTimer	 ; Not hooked if OldInt1C_Off == 0
   5600	4606  8B D0			 mov	 dx, ax
   5601	4608  26: A1 29FBr		 mov	 ax, es:[OldInt1C_Seg]
   5602	460C  1E			 push	 ds
   5603	460D  8E D8			 mov	 ds, ax
   5604	460F  B8 251C			 mov	 ax, 251Ch
   5605	4612  CD 21			 int	 21h
   5606	4614  1F			 pop	 ds
   5607	4615			     SkipRestoreTimer:
   5608
   5609					 ; Restore hardware interrupt vector
   5610					 ; First get the old vector from TSR
   5611	4615  8E 06 244Er		 mov	 es, Unload_TSRSeg
   5612	4619  26: 8B 16	01A4r		 mov	 dx, es:[OldHwInt_Off]
   5613	461E  26: 8B 1E	01A6r		 mov	 bx, es:[OldHwInt_Seg]	 ; BX =	segment
   5614
   5615					 ; Calculate interrupt number
   5616	4623  A0 2455r			 mov	 al, Unload_TSRIRQNum
   5617	4626  3C 08			 cmp	 al, 8
   5618	4628  72 06			 jb	 RestoreBelow8
   5619	462A  2C 08			 sub	 al, 8
   5620	462C  04 70			 add	 al, 70h
   5621	462E  EB 02			 jmp	 DoRestore
   5622
   5623	4630			     RestoreBelow8:
   5624	4630  04 08			 add	 al, 08h
   5625
   5626	4632			     DoRestore:
   5627					 ; AL =	interrupt number, BX:DX	= old vector
   5628	4632  1E			 push	 ds
   5629	4633  8E DB			 mov	 ds, bx			 ; DS =	old segment
   5630	4635  B4 25			 mov	 ah, 25h
   5631	4637  CD 21			 int	 21h
   5632	4639  1F			 pop	 ds
   5633
   5634					 ; ===== FREE TSR MEMORY =====
   5635	463A  8E 06 244Er		 mov	 es, Unload_TSRSeg
   5636	463E  B4 49			 mov	 ah, 49h		 ; Free	memory block
   5637	4640  CD 21			 int	 21h
   5638
   5639					 ; Print unload	message
   5640	4642  BA 23B2r			 lea	 dx, MsgUnloaded
   5641	4645  B4 09			 mov	 ah, 09h
   5642	4647  CD 21			 int	 21h
   5643
Turbo Assembler	 Version 4.1	    04/04/26 20:56:31	    Page 100
DCEMLID.ASM



   5644	4649  B8 4C00			 mov	 ax, 4C00h
   5645	464C  CD 21			 int	 21h
   5646
   5647	464E			     NotLoaded:
   5648	464E  BA 23D2r			 lea	 dx, MsgErrNotLoaded
   5649	4651  B4 09			 mov	 ah, 09h
   5650	4653  CD 21			 int	 21h
   5651	4655  B8 4C01			 mov	 ax, 4C01h
   5652	4658  CD 21			 int	 21h
   5653
   5654	465A			     DriverBusy:
   5655	465A  BA 23EEr			 lea	 dx, MsgErrBusy
   5656	465D  B4 09			 mov	 ah, 09h
   5657	465F  CD 21			 int	 21h
   5658	4661  B8 4C01			 mov	 ax, 4C01h
   5659	4664  CD 21			 int	 21h
   5660
   5661	4666			     NotLastHandler:
   5662	4666  BA 2413r			 lea	 dx, MsgErrNotLast
   5663	4669  B4 09			 mov	 ah, 09h
   5664	466B  CD 21			 int	 21h
   5665	466D  B8 4C01			 mov	 ax, 4C01h
   5666	4670  CD 21			 int	 21h
   5667	4672			     UnloadDriver ENDP
   5668
   5669				     ;=============================================================================
   5670				     ; 32-bit Arithmetic Helper	Procedures for 8086 Compatibility
   5671				     ;=============================================================================
   5672
   5673				     ; Inc32 - Increment a DWORD memory	operand
   5674				     ; Input: BX = offset of DWORD to increment
   5675				     ; Destroys: AX, BX
   5676	4672			     Inc32 PROC
   5677	4672  83 07 01			 add	 word ptr [bx],	1    ; Increment low word
   5678	4675  83 57 02 00		 adc	 word ptr [bx+2], 0  ; Add carry to high word
   5679	4679  C3			 ret
   5680	467A			     Inc32 ENDP
   5681
   5682				     ; Add32 - Add DX:AX to a DWORD memory operand
   5683				     ; Input: DX:AX = 32-bit value to add
   5684				     ;	      BX = offset of DWORD destination
   5685				     ; Destroys: none (all registers preserved)
   5686	467A			     Add32 PROC
   5687	467A  50			 push	 ax
   5688	467B  52			 push	 dx
   5689	467C  01 07			 add	 word ptr [bx],	ax   ; Add low word
   5690	467E  11 57 02			 adc	 word ptr [bx+2], dx ; Add high	word with carry
   5691	4681  5A			 pop	 dx
   5692	4682  58			 pop	 ax
   5693	4683  C3			 ret
   5694	4684			     Add32 ENDP
   5695
   5696				     ; ZeroExtend16to32	- Zero-extend AX to DX:AX (32-bit)
   5697				     ; Input: AX = 16-bit value
   5698				     ; Output: DX:AX = 32-bit zero-extended value
   5699				     ; Destroys: DX
   5700	4684			     ZeroExtend16to32 PROC
Turbo Assembler	 Version 4.1	    04/04/26 20:56:31	    Page 101
DCEMLID.ASM



   5701	4684  33 D2			 xor	 dx, dx		     ; Clear high word
   5702	4686  C3			 ret
   5703	4687			     ZeroExtend16to32 ENDP
   5704
   5705				     ; LookupBaudDivisor - Find	divisor	for configured baud rate
   5706				     ; Input: CfgData.BaudRate (DWORD)
   5707				     ; Output: BX = divisor value
   5708				     ; Destroys: AX, CX, SI
   5709	4687			     LookupBaudDivisor PROC
   5710	4687  57			 push	 di
   5711	4688  BE 2931r			 lea	 si, BaudTable
   5712
   5713	468B			     BaudLoop:
   5714					 ; Load	baud rate from table (DWORD)
   5715	468B  8B 04			 mov	 ax, word ptr [si]
   5716	468D  8B 4C 02			 mov	 cx, word ptr [si+2]
   5717
   5718					 ; Check for end marker	(baud rate = 0)
   5719	4690  0B C1			 or	 ax, cx
   5720	4692  74 1B			 jz	 BaudNotFound
   5721
   5722					 ; Compare with	configured baud	rate
   5723	4694  8B 04			 mov	 ax, word ptr [si]
   5724	4696  8B 4C 02			 mov	 cx, word ptr [si+2]
   5725	4699  3B 06 010Er		 cmp	 ax, word ptr CfgData.BaudRate
   5726	469D  75 0B			 jne	 BaudNext
   5727	469F  3B 0E 0110r		 cmp	 cx, word ptr CfgData.BaudRate+2
   5728	46A3  75 05			 jne	 BaudNext
   5729
   5730					 ; Found match - get divisor
   5731	46A5  8B 5C 04			 mov	 bx, word ptr [si+4]
   5732	46A8  5F			 pop	 di
   5733	46A9  C3			 ret
   5734
   5735	46AA			     BaudNext:
   5736	46AA  83 C6 06			 add	 si, 6		     ; Move to next entry (4 bytes baud	+ 2 bytes divisor)
   5737	46AD  EB DC			 jmp	 BaudLoop
   5738
   5739	46AF			     BaudNotFound:
   5740					 ; Default to 38400 baud if not	found (divisor = 3)
   5741	46AF  BB 0003			 mov	 bx, 3
   5742	46B2  5F			 pop	 di
   5743	46B3  C3			 ret
   5744	46B4			     LookupBaudDivisor ENDP
   5745
   5746				     ;=============================================================================
   5747				     ; End of Resident Code
   5748				     ;=============================================================================
   5749
   5750	46B4			     ResidentEnd:
   5751
   5752				     ; Calculate resident size
   5753	      =45B4		     ResidentSize EQU (ResidentEnd - Start)
   5754
   5755	46B4			     CODE    ENDS
   5756
   5757					     END Start
Turbo Assembler	 Version 4.1	    04/04/26 20:56:31	    Page 102
Symbol Table




Symbol Name			  Type	 Value

??DATE				  Text	 "04/04/26"
??FILENAME			  Text	 "DCEMLID "
??TIME				  Text	 "20:56:30"
??VERSION			  Number 040A
@CPU				  Text	 0101H
@CURSEG				  Text	 CODE
@FILENAME			  Text	 DCEMLID
@WORDSIZE			  Text	 2
ACKFAILDONE			  Near	 CODE:391E
ACKMISMATCH			  Near	 CODE:38C4
ACKNORETRY			  Near	 CODE:38F3
ACKRETRIESEXHAUSTED		  Near	 CODE:38F8
ACK_CHAR			  Number 0006
ADD32				  Near	 CODE:467A
ALLOCATEUMB			  Near	 CODE:3274
ALLOCUMBDONE			  Near	 CODE:32CD
ALREADYLOADED			  Near	 CODE:2F76
BACKPRESSUREDONE		  Near	 CODE:3F68
BACKPRESSURESERIAL		  Near	 CODE:3F65
BAUDLOOP			  Near	 CODE:468B
BAUDNEXT			  Near	 CODE:46AA
BAUDNOTFOUND			  Near	 CODE:46AF
BAUDTABLE			  Near	 CODE:2931
BAUDTABLESIZE			  Number 0005
BAUDUNKNOWN			  Near	 CODE:442B
BDACOMNOTFOUND			  Near	 CODE:2E55
BDALPTNOTFOUND			  Near	 CODE:2E84
BUILDDONE			  Near	 CODE:415E
BUILDERROR			  Near	 CODE:415C
BUILDFRAGLOOP			  Near	 CODE:410F
BUILDFRAGNEXT			  Near	 CODE:4147
BUILDTRANSMITFRAME		  Near	 CODE:40E7
CALCCRCLOOP			  Near	 CODE:422E
CALCULATEFRAMECRC		  Near	 CODE:4224
CFGDATA				  Struct CODE:010B CONFIG
CFGKEYBAUD			  Byte	 CODE:1EAF
CFGKEYFLOW			  Byte	 CODE:1EB4
CFGKEYFRAME			  Byte	 CODE:1EBE
CFGKEYINT			  Byte	 CODE:1EAB
CFGKEYMODE			  Byte	 CODE:1EA1
CFGKEYNODE			  Byte	 CODE:1EB9
CFGKEYPORT			  Byte	 CODE:1EA6
CFGVAL8022			  Byte	 CODE:1EDD
CFGVAL8023			  Byte	 CODE:1EEC
CFGVALETHII			  Byte	 CODE:1EFB
CFGVALPAR4			  Byte	 CODE:1ECB
CFGVALPAR8			  Byte	 CODE:1ED0
CFGVALRTS			  Byte	 CODE:1ED5
CFGVALSERIAL			  Byte	 CODE:1EC4
CFGVALSNAP			  Byte	 CODE:1F07
CFGVALXON			  Byte	 CODE:1ED9
CHECK19200			  Near	 CODE:43FE
CHECK38400			  Near	 CODE:4408
CHECK57600			  Near	 CODE:4412
Turbo Assembler	 Version 4.1	    04/04/26 20:56:31	    Page 103
Symbol Table



CHECKBREAK			  Near	 CODE:3732
CHECKFRAMING			  Near	 CODE:3725
CHECKHIGHBAUD			  Near	 CODE:441C
CHECKPARITY			  Near	 CODE:3718
CMDDEBUG			  Byte	 CODE:29F7
CMDHELP				  Byte	 CODE:29F5
CMDUNLOAD			  Byte	 CODE:29F6
CMDVERBOSE			  Byte	 CODE:29F8
COMPARELSLKEYWORD		  Near	 CODE:2C69
COMPARELSLVALUE			  Near	 CODE:2C94
COMPLETETRANSMITECB		  Near	 CODE:425D
COMPLSLKEYLOOP			  Near	 CODE:2C6B
COMPLSLKEYMATCH			  Near	 CODE:2C84
COMPLSLKEYNOMATCH		  Near	 CODE:2C8F
COMPLSLVALLOOP			  Near	 CODE:2C96
COMPLSLVALMATCH			  Near	 CODE:2CBE
COMPLSLVALNOMATCH		  Near	 CODE:2CC9
CONFIGDONE			  Near	 CODE:2A76
CONFIGERROR			  Near	 CODE:2A82
COPYDONE			  Near	 CODE:3E70
CRCTABLE			  Near	 CODE:3B56
CURRENTLOOKAHEAD		  Word	 CODE:0196
DECIMALLOOP			  Near	 CODE:44F3
DELIVERDONE			  Near	 CODE:3EB7
DELIVERFRAMETOLSL		  Near	 CODE:3D88
DEREGISTEROK			  Near	 CODE:4599
DESTMULTICAST			  Near	 CODE:3E13
DESTTYPEDONE			  Near	 CODE:3E21
DESTUNICAST			  Near	 CODE:3E1B
DISABLEPARALLEL			  Near	 CODE:45B7
DISABLEPIC1			  Near	 CODE:45D6
DISABLETXMON			  Near	 CODE:4317
DOGETCONFIG			  Near	 CODE:42E8
DOGETSTATS			  Near	 CODE:42F0
DOPROMISCUOUS			  Near	 CODE:4379
DOREGISTERTXMON			  Near	 CODE:42F8
DORESET				  Near	 CODE:433D
DORESTORE			  Near	 CODE:4632
DOSETLOOKAHEAD			  Near	 CODE:4362
DOSHUTDOWN			  Near	 CODE:4353
DOSTOOOLD			  Near	 CODE:2F88
DRIVERACTIVE			  Byte	 CODE:018C
DRIVERBUSY			  Near	 CODE:465A
DRIVERLOADED			  Byte	 CODE:018B
DRIVER_NAME			  Byte	 CODE:0103
DRIVER_VERSION			  Number 0100
DUPLICATEFRAME			  Near	 CODE:3D84
ECB_BAD_PKT			  Number 00FE
ECB_CANCELLED			  Number 00FC
ECB_COMPCODE			  Number 0009
ECB_DRIVERWORK			  Number 0010
ECB_ESR				  Number 0004
ECB_FRAGCOUNT			  Number 0022
ECB_FRAGLIST			  Number 0024
ECB_HARDWARE			  Number 00FD
ECB_IMMADDR			  Number 001C
ECB_INUSE			  Number 0008
Turbo Assembler	 Version 4.1	    04/04/26 20:56:31	    Page 104
Symbol Table



ECB_IPXWORK			  Number 000C
ECB_LINK			  Number 0000
ECB_OVERFLOW			  Number 00FF
ECB_SOCKET			  Number 000A
ECB_SUCCESS			  Number 0000
ECB_TIMEOUT			  Number 00FA
ENABLEDONE			  Near	 CODE:3335
ENABLEPIC1			  Near	 CODE:3327
ESCAPEESC			  Near	 CODE:41E8
ESCAPESTART			  Near	 CODE:41DC
ESCAPEXOFF			  Near	 CODE:4200
ESCAPEXON			  Near	 CODE:41F4
ESC_ESC				  Number 00DD
ESC_START			  Number 00DC
ESC_XOFF			  Number 00DF
ESC_XON				  Number 00DE
EXITERROR			  Near	 CODE:2987
FCR_CLEAR			  Number 0006
FCR_ENABLE			  Number 0001
FCR_TRIGGER_8			  Number 0080
FRAG_ADDR			  Number 0000
FRAG_SIZE			  Number 0004
FRAMEBUFFER			  Byte	 CODE:19E1
FRAMEERROR			  Near	 CODE:3B10
FRAMEESCAPE			  Near	 CODE:3A84
FRAMEMEDIATYPESTR		  Byte	 CODE:33E2
FRAMESTART			  Near	 CODE:3A70
FRAME_ESC			  Number 00DB
FRAME_START			  Number 00C0
GENERATERANDOMMAC		  Near	 CODE:2E01
GETCONFIGFROMLSL		  Near	 CODE:29FF
HANDLEACK			  Near	 CODE:3883
HANDLENAK			  Near	 CODE:3848
HARDWAREINITDONE		  Near	 CODE:2F07
HASEPP				  Near	 CODE:3243
HASPACKET			  Near	 CODE:4099
HELPTEXT			  Byte	 CODE:2456
HEXDIGITNUMERIC			  Near	 CODE:44DF
HEXDIGITPRINT			  Near	 CODE:44E1
HEXDIGITTOVALUE			  Near	 CODE:2DBB
HEXISDIGIT			  Near	 CODE:2DD2
HEXNOTDIGIT			  Near	 CODE:2DD6
HOOKHARDWAREINTERRUPT		  Near	 CODE:32D1
HOOKIRQ				  Near	 CODE:32E5
HOOKSERIAL			  Near	 CODE:3304
HOOKTIMERINT			  Near	 CODE:333C
INC32				  Near	 CODE:4672
INITERROR			  Near	 CODE:2FB8
INITERRORLSL			  Near	 CODE:2FD8
INITERRORLSLNORESTORE		  Near	 CODE:2FEF
INITERRORNORESTORE		  Near	 CODE:2FCF
INITPARALLEL			  Near	 CODE:2EFF
INITPARALLELPORT		  Near	 CODE:31F6
INITSERIAL			  Near	 CODE:2EE5
INITSERIALPORT			  Near	 CODE:2FF8
INSTALLDRIVER			  Near	 CODE:2E9A
INT2FHANDLER			  Far	 CODE:36B3
Turbo Assembler	 Version 4.1	    04/04/26 20:56:31	    Page 105
Symbol Table



INTERRUPTSDISABLED		  Near	 CODE:45BD
IODELAY				  Near	 CODE:2E91
IRQBELOW8			  Near	 CODE:32E3
IRQDISABLED			  Near	 CODE:45E4
IS16550				  Near	 CODE:315C
LCR_8N1				  Number 0003
LCR_DLAB			  Number 0080
LOOKAHEADOK			  Near	 CODE:4376
LOOKAHEADOK2			  Near	 CODE:3DBC
LOOKUPBAUDDIVISOR		  Near	 CODE:4687
LOOKUPBDACOM			  Near	 CODE:2E33
LOOKUPBDALPT			  Near	 CODE:2E62
LPTDETECTED			  Near	 CODE:3220
LPT_CONTROL			  Number 0002
LPT_CTRL_AUTOFD			  Number 0002
LPT_CTRL_BIDIR			  Number 0020
LPT_CTRL_INIT			  Number 0004
LPT_CTRL_IRQ			  Number 0010
LPT_CTRL_SELECT			  Number 0008
LPT_CTRL_STROBE			  Number 0001
LPT_DATA			  Number 0000
LPT_ECR				  Number 0402
LPT_EPP_ADDR			  Number 0003
LPT_EPP_DATA			  Number 0004
LPT_STATUS			  Number 0001
LPT_STAT_ERROR			  Number 0008
LPT_STAT_NACK			  Number 0040
LPT_STAT_NBUSY			  Number 0080
LPT_STAT_NIRQ			  Number 0004
LPT_STAT_ONLINE			  Number 0010
LPT_STAT_PAPER			  Number 0020
LSLBOARDNUM			  Word	 CODE:019E
LSLENTRYOFF			  Word	 CODE:0198
LSLENTRYSEG			  Word	 CODE:019A
LSLINCOMPAT			  Near	 CODE:2F91
LSLINFOBUF			  Struct CODE:33F2 LSLINFOBLOCK
LSLNOTLOADED			  Near	 CODE:2F7F
LSLVERSION			  Word	 CODE:019C
LSL_CHECK			  Number C000
LSL_GET_CONFIG			  Number C003
LSL_REGISTER			  Number C001
MAIN				  Near	 CODE:2953
MAX_CONFIG_LEN			  Number 0200
MAX_RETRIES			  Number 0002
MCR_DTR				  Number 0001
MCR_OUT2			  Number 0008
MCR_RTS				  Number 0002
MEMORYSEGMENT			  Word	 CODE:3272
MLIDADDMULTICAST		  Far	 CODE:3690
MLIDCONFIGTABLE			  Struct CODE:344A MLIDCONFIG
MLIDCONTROLHANDLER		  Far	 CODE:42B8
MLIDDELMULTICAST		  Far	 CODE:3694
MLIDFUNCTIONS			  Struct CODE:342A MLIDFUNCTABLE
MLIDGETSTATS			  Far	 CODE:3688
MLIDINFOBLOCKDATA		  Struct CODE:33FA MLIDINFOBLOCK
MLIDRECEIVEHANDLER		  Far	 CODE:400D
MLIDRESETPROC			  Far	 CODE:36A0
Turbo Assembler	 Version 4.1	    04/04/26 20:56:31	    Page 106
Symbol Table



MLIDSHUTDOWNPROC		  Far	 CODE:3698
MLIDSTATISTICS			  Struct CODE:0121 MLIDSTATSTRUCTURE
MLIDSUP_ADD_PID			  Number 000F
MLIDSUP_CANCEL_AES		  Number 0004
MLIDSUP_CONTROL_FILTER		  Number 0011
MLIDSUP_CRITICAL_STATUS		  Number 000A
MLIDSUP_DEFRAG_ECB		  Number 0002
MLIDSUP_DEREGISTER_MLID		  Number 0006
MLIDSUP_END_CRITICAL		  Number 0009
MLIDSUP_GET_ECB			  Number 0000
MLIDSUP_GET_INTERVAL		  Number 0005
MLIDSUP_GET_STACK_ECB		  Number 0010
MLIDSUP_HOLD_RECV_EVENT		  Number 0007
MLIDSUP_RETURN_ECB		  Number 0001
MLIDSUP_SCHEDULE_AES		  Number 0003
MLIDSUP_SEND_COMPLETE		  Number 000E
MLIDSUP_SERVICE_EVENTS		  Number 000B
MLIDSUP_START_CRITICAL		  Number 0008
MLIDTRANSMITHANDLER		  Far	 CODE:400E
MLID_GET_STATS			  Number 0005
MLID_REG_RX			  Number 0007
MLID_RESET			  Number 0001
MLID_SEND_PKT			  Number 0006
MLID_SHUTDOWN			  Number 0002
MSG16550			  Byte	 CODE:1FC5
MSG8250				  Byte	 CODE:1FBD
MSGBANNER			  Byte	 CODE:1F15
MSGBAUD				  Byte	 CODE:1F97
MSGBAUD115200			  Byte	 CODE:1FB4
MSGBAUD19200			  Byte	 CODE:1FA2
MSGBAUD38400			  Byte	 CODE:1FA8
MSGBAUD57600			  Byte	 CODE:1FAE
MSGBAUD9600			  Byte	 CODE:1F9D
MSGBAUDUNKNOWN			  Byte	 CODE:1FBB
MSGCONV				  Byte	 CODE:1FF2
MSGCRLF				  Byte	 CODE:2002
MSGDBGCALLLSL			  Byte	 CODE:2372
MSGDBGFAIL			  Byte	 CODE:2304
MSGDBGHOOKIRQ			  Byte	 CODE:232D
MSGDBGHWINIT			  Byte	 CODE:231A
MSGDBGLCR			  Byte	 CODE:22E5
MSGDBGLSLFAIL			  Byte	 CODE:2354
MSGDBGLSLRET			  Byte	 CODE:2361
MSGDBGLSLVER			  Byte	 CODE:2365
MSGDBGMODE			  Byte	 CODE:22CD
MSGDBGOK			  Byte	 CODE:22FE
MSGDBGPAR4			  Byte	 CODE:22DB
MSGDBGPAR8			  Byte	 CODE:22E0
MSGDBGPORT			  Byte	 CODE:22B1
MSGDBGREAD			  Byte	 CODE:22F7
MSGDBGREGLSL			  Byte	 CODE:233C
MSGDBGSERIAL			  Byte	 CODE:22D4
MSGDBGTEST1			  Byte	 CODE:230C
MSGDBGTEST2			  Byte	 CODE:2313
MSGDBGWRITE			  Byte	 CODE:22EF
MSGERRBDAPORT			  Byte	 CODE:2214
MSGERRBUSY			  Byte	 CODE:23EE
Turbo Assembler	 Version 4.1	    04/04/26 20:56:31	    Page 107
Symbol Table



MSGERRCONFIG			  Byte	 CODE:215B
MSGERRDOS			  Byte	 CODE:2241
MSGERRIRQ			  Byte	 CODE:21C2
MSGERRLOADED			  Byte	 CODE:21A2
MSGERRLSL			  Byte	 CODE:212E
MSGERRLSLREG			  Byte	 CODE:2390
MSGERRLSLVER			  Byte	 CODE:2276
MSGERRNOTLAST			  Byte	 CODE:2413
MSGERRNOTLOADED			  Byte	 CODE:23D2
MSGERRPORT			  Byte	 CODE:21E2
MSGFLOWRTS			  Byte	 CODE:1FCE
MSGFLOWXON			  Byte	 CODE:1FDC
MSGIRQ				  Byte	 CODE:1F8B
MSGLOADED			  Byte	 CODE:1F53
MSGMAC				  Byte	 CODE:1F91
MSGPAR4				  Byte	 CODE:1F6B
MSGPAR8EPP			  Byte	 CODE:1F71
MSGPAR8PS2			  Byte	 CODE:1F7B
MSGPORT				  Byte	 CODE:1F85
MSGSERIAL			  Byte	 CODE:1F63
MSGSTATSERR			  Byte	 CODE:200E
MSGSTATSRX			  Byte	 CODE:2009
MSGSTATSTX			  Byte	 CODE:2005
MSGUMB				  Byte	 CODE:1FEB
MSGUNLOADED			  Byte	 CODE:23B2
MSGWARN8250			  Byte	 CODE:2014
MSGWARNCOM34			  Byte	 CODE:2078
MSGWARNDEREGISTER		  Byte	 CODE:20E6
MTU_SIZE			  Number 0240
MULTIPLEX_ID			  Number C0A0
MUX_GETINFO			  Near	 CODE:36C7
MUX_INSTALLCHECK		  Near	 CODE:36C2
NAKSEQREADY			  Near	 CODE:3862
NAKTXREADY1			  Near	 CODE:3F22
NAKTXREADY2			  Near	 CODE:3F3D
NAK_CHAR			  Number 0015
NICLONGNAMESTR			  Byte	 CODE:33C0
NICSHORTNAMESTR			  Byte	 CODE:33D9
NOBAUD				  Near	 CODE:4458
NOBIDIR				  Near	 CODE:3261
NOBOARDNUM			  Near	 CODE:2A5F
NOCONFIG			  Near	 CODE:2A7F
NOCURRENTECB			  Near	 CODE:38BF
NOECBAVAILABLE			  Near	 CODE:3EA0
NOFIFO				  Near	 CODE:3194
NOLPTFOUND			  Near	 CODE:326C
NOPACKET			  Near	 CODE:40E0
NOTESCAPED			  Near	 CODE:3A38
NOTLASTHANDLER			  Near	 CODE:4666
NOTLOADED			  Near	 CODE:464E
NOTSPACE			  Near	 CODE:2AB3
NOUARTFOUND			  Near	 CODE:31F0
NOUARTFOUNDDBG			  Near	 CODE:310F
NOUARTRETRY			  Near	 CODE:3121
NOUARTRETRYDELAY		  Near	 CODE:312B
OLDHWINT_OFF			  Word	 CODE:01A4
OLDHWINT_SEG			  Word	 CODE:01A6
Turbo Assembler	 Version 4.1	    04/04/26 20:56:31	    Page 108
Symbol Table



OLDINT1C_OFF			  Word	 CODE:29F9
OLDINT1C_SEG			  Word	 CODE:29FB
OLDINT2F_OFF			  Word	 CODE:01A0
OLDINT2F_SEG			  Word	 CODE:01A2
OPTDEBUG			  Byte	 CODE:292E
OPTHELP				  Byte	 CODE:292B
OPTUNLOAD			  Byte	 CODE:2928
PAR4MODE			  Near	 CODE:324A
PARALLELCONFIGDONE		  Near	 CODE:324F
PARALLELISR			  Far	 CODE:393A
PARALLELSENDNEXTBYTE		  Near	 CODE:39AD
PARISR_CHECKTX			  Near	 CODE:397C
PARISR_DATAREADY		  Near	 CODE:396C
PARISR_DONE			  Near	 CODE:3996
PARISR_EOI1			  Near	 CODE:39A1
PARISR_READLOOP			  Near	 CODE:3959
PARSECMDARG			  Near	 CODE:2A3A
PARSECMDCHECKOPT		  Near	 CODE:29BF
PARSECMDDONE			  Near	 CODE:29F1
PARSECMDLOOP			  Near	 CODE:29A5
PARSECMDNEXT			  Near	 CODE:29ED
PARSECOMMANDLINE		  Near	 CODE:2998
PARSEDECDONE			  Near	 CODE:2DFB
PARSEDECLOOP			  Near	 CODE:2DDE
PARSEDECWORD			  Near	 CODE:2DD8
PARSEHEXBYTE			  Near	 CODE:2D9C
PARSEHEXBYTEDONE		  Near	 CODE:2DB6
PARSEHEXBYTELOOP		  Near	 CODE:2DA1
PARSEHEXDONE			  Near	 CODE:2D96
PARSEHEXLOOP			  Near	 CODE:2D81
PARSEHEXWORD			  Near	 CODE:2D79
PARSELSLBAUD			  Near	 CODE:2BCC
PARSELSLCONFIG			  Near	 CODE:2A8B
PARSELSLDECDONE			  Near	 CODE:2D0B
PARSELSLDECLOOP			  Near	 CODE:2CEE
PARSELSLDECVALUE		  Near	 CODE:2CEA
PARSELSLDONE			  Near	 CODE:2C61
PARSELSLFLOW			  Near	 CODE:2BE0
PARSELSLFRAME			  Near	 CODE:2C1A
PARSELSLHEXBYTE			  Near	 CODE:2D11
PARSELSLHEXBYTEDONE		  Near	 CODE:2D29
PARSELSLHEXBYTELOOP		  Near	 CODE:2D16
PARSELSLHEXDONE			  Near	 CODE:2CE5
PARSELSLHEXLOOP			  Near	 CODE:2CD4
PARSELSLHEXVALUE		  Near	 CODE:2CCE
PARSELSLINT			  Near	 CODE:2B7F
PARSELSLLOOP			  Near	 CODE:2A94
PARSELSLMODE			  Near	 CODE:2B8D
PARSELSLNODE			  Near	 CODE:2C03
PARSELSLNODELOOP		  Near	 CODE:2C0C
PARSELSLPORT			  Near	 CODE:2B02
PARSENDPAUSE			  Near	 CODE:3FE3
PARSENDRESUME			  Near	 CODE:3FF8
PARSEND_DONE			  Near	 CODE:3A03
PARSEND_EMPTY			  Near	 CODE:39FE
PARSEND_NOECB			  Near	 CODE:39FB
PARSEND_NOWRAP			  Near	 CODE:39C7
Turbo Assembler	 Version 4.1	    04/04/26 20:56:31	    Page 109
Symbol Table



PARSEPORTHEX			  Near	 CODE:2B6C
PRINT8250			  Near	 CODE:443E
PRINTBAUDSTR			  Near	 CODE:442E
PRINTDECIMAL			  Near	 CODE:44EA
PRINTDETECTIONINFO		  Near	 CODE:4473
PRINTDIGITS			  Near	 CODE:44FD
PRINTFLOWRTS			  Near	 CODE:4451
PRINTFLOWSTR			  Near	 CODE:4454
PRINTHEXBYTE			  Near	 CODE:44C6
PRINTHEXDIGIT			  Near	 CODE:44D7
PRINTHEXWORD			  Near	 CODE:44BB
PRINTINSTALLMESSAGE		  Near	 CODE:437C
PRINTMACADDRESS			  Near	 CODE:450C
PRINTMACDONE			  Near	 CODE:4521
PRINTMACLOOP			  Near	 CODE:4510
PRINTMEMMSG			  Near	 CODE:4467
PRINTMODEEND			  Near	 CODE:44B1
PRINTMODENAME			  Near	 CODE:44AD
PRINTMODEPAR4			  Near	 CODE:44A5
PRINTMODEPAR8			  Near	 CODE:44AA
PRINTMODESERIAL			  Near	 CODE:44A0
PRINTMODESTR			  Near	 CODE:43AA
PRINTPAR4			  Near	 CODE:43A2
PRINTPAR8EPP			  Near	 CODE:439D
PRINTSERIAL			  Near	 CODE:43A7
PRINTUARTTYPE			  Near	 CODE:4441
PRINTUMBMSG			  Near	 CODE:4464
PROCESSBYTE			  Near	 CODE:3A40
PROCESSDONE			  Near	 CODE:3B2E
PROCESSRECEIVEDBYTE		  Near	 CODE:3A07
QUEUEDONE			  Near	 CODE:4082
QUEUENOTEMPTY			  Near	 CODE:4068
QUEUESTILLHASITEMS		  Near	 CODE:4289
QUEUETRANSMITECB		  Near	 CODE:4035
REGISTERDONE			  Near	 CODE:3680
REGISTEROK			  Near	 CODE:3667
REGISTERWITHLSL			  Near	 CODE:34C0
RESIDENTEND			  Near	 CODE:46B4
RESIDENTSIZE			  Number 45B4
RESTOREBELOW8			  Near	 CODE:4630
RESUMEBACKPRESSURE		  Near	 CODE:3F6A
RESUMEDONE			  Near	 CODE:3F81
RESUMESERIAL			  Near	 CODE:3F7E
RETRY_TIMEOUT			  Number 00C8
RXBUFFER			  Byte	 CODE:01E1
RXBUFIDX			  Word	 CODE:01D6
RXCRC				  Word	 CODE:01DA
RXESCAPED			  Byte	 CODE:01D5
RXFRAMELEN			  Word	 CODE:01D8
RXHANDLEROFF			  Word	 CODE:018D
RXHANDLERSEG			  Word	 CODE:018F
RXLOOKAHEAD			  Struct CODE:3406 LOOKAHEADSTRUC
RXPAUSED			  Byte	 CODE:01DC
RXPAUSETHRESH			  Word	 CODE:01DD
RXRESUMETHRESH			  Word	 CODE:01DF
RXSEQNUM			  Byte	 CODE:01D3
RXSTATE				  Byte	 CODE:01D4
Turbo Assembler	 Version 4.1	    04/04/26 20:56:31	    Page 110
Symbol Table



RXTOOSHORT			  Near	 CODE:3EAE
RX_BUFFER_SIZE			  Number 1000
SAVEDECBOFF			  Word	 CODE:01CF
SAVEDECBSEG			  Word	 CODE:01D1
SENDACK				  Near	 CODE:3EC1
SENDACKDONE			  Near	 CODE:3F03
SENDBACKPRESSURE		  Near	 CODE:3F51
SENDBYTE			  Near	 CODE:420C
SENDBYTEWITHESCAPE		  Near	 CODE:41BF
SENDESCDONE			  Near	 CODE:420A
SENDNAK				  Near	 CODE:3F06
SENDNAKDONE			  Near	 CODE:3F4D
SENDNORMAL			  Near	 CODE:41D7
SENDWAIT			  Near	 CODE:4214
SEQDATAREADY			  Near	 CODE:389B
SERIALEOI1			  Near	 CODE:392E
SERIALIRQ3			  Near	 CODE:31E5
SERIALIRQ3_WARN			  Near	 CODE:31D3
SERIALIRQ4			  Near	 CODE:31DE
SERIALIRQ4_WARN			  Near	 CODE:31C8
SERIALIRQSET			  Near	 CODE:31EA
SERIALISR			  Far	 CODE:36D1
SERIALISR_DONE			  Near	 CODE:3923
SERIALISR_LOOP			  Near	 CODE:36DA
SERIALLINESTATUS		  Near	 CODE:36FC
SERIALNOECB			  Near	 CODE:37C0
SERIALNORETRANSMIT		  Near	 CODE:376A
SERIALNOTXONXOFF		  Near	 CODE:383A
SERIALNOWRAP			  Near	 CODE:3781
SERIALPAUSEHARDWARE		  Near	 CODE:3FA0
SERIALPAUSESET			  Near	 CODE:3FAB
SERIALRECEIVE			  Near	 CODE:37FF
SERIALRESUMECLEAR		  Near	 CODE:3FDB
SERIALRESUMEHARDWARE		  Near	 CODE:3FD0
SERIALSENDPAUSE			  Near	 CODE:3F83
SERIALSENDRESUME		  Near	 CODE:3FB3
SERIALTHRE			  Near	 CODE:373D
SERIALTXEMPTY			  Near	 CODE:3797
SERIALTXFAILED			  Near	 CODE:37C4
SERIALTXFAILNOECB		  Near	 CODE:37FB
SERIALXOFF			  Near	 CODE:3815
SERIALXON			  Near	 CODE:381D
SETDEBUGFLAG			  Near	 CODE:29DF
SETFLOWRTS			  Near	 CODE:2BF3
SETFLOWXON			  Near	 CODE:2BFB
SETFRAME8022			  Near	 CODE:2C3D
SETFRAME8023			  Near	 CODE:2C46
SETFRAMEETHII			  Near	 CODE:2C4F
SETFRAMESNAP			  Near	 CODE:2C58
SETHELPFLAG			  Near	 CODE:29D1
SETMODEPAR4			  Near	 CODE:2BB0
SETMODEPAR8			  Near	 CODE:2BBE
SETMODESERIAL			  Near	 CODE:2BA8
SETUNLOADFLAG			  Near	 CODE:29D8
SETVECTOR			  Near	 CODE:3307
SETVERBOSEFLAG			  Near	 CODE:29E6
SHOWHELP			  Near	 CODE:298C
Turbo Assembler	 Version 4.1	    04/04/26 20:56:31	    Page 111
Symbol Table



SKIPDBGCALLLSL			  Near	 CODE:3638
SKIPDBGHOOKIRQ			  Near	 CODE:2F35
SKIPDBGHWINIT			  Near	 CODE:2EFD
SKIPDBGIRQOK			  Near	 CODE:2F4D
SKIPDBGLCR			  Near	 CODE:3031
SKIPDBGLSLFAIL			  Near	 CODE:3663
SKIPDBGLSLOK			  Near	 CODE:367F
SKIPDBGOK1			  Near	 CODE:30A2
SKIPDBGOK2			  Near	 CODE:310A
SKIPDBGREGLSL			  Near	 CODE:2F5D
SKIPDBGTEST1			  Near	 CODE:308A
SKIPDBGTEST2			  Near	 CODE:30F5
SKIPLSLEOLDONE			  Near	 CODE:2D40
SKIPLSLEOLLOOP			  Near	 CODE:2D2E
SKIPLSLSPACES			  Near	 CODE:2AA4
SKIPLSLWORD			  Near	 CODE:2D41
SKIPLSLWORDDONE			  Near	 CODE:2D57
SKIPLSLWORDLOOP			  Near	 CODE:2D41
SKIPRESTORETIMER		  Near	 CODE:4615
SKIPSPACES			  Near	 CODE:2D58
SKIPSPACESDONE			  Near	 CODE:2D62
SKIPSPACESLOOP			  Near	 CODE:2D5A
SKIPTOLSLEOL			  Near	 CODE:2D2E
SKIPTOSPACE			  Near	 CODE:2D63
SKIPTOSPACEDONE			  Near	 CODE:2D6D
SKIPTOSPACELOOP			  Near	 CODE:2D65
SKIPVERBOSEHOOK			  Near	 CODE:2F71
START				  Near	 CODE:0100
STARTDONE			  Near	 CODE:40E0
STARTNEXTTRANSMIT		  Near	 CODE:4085
STATECRCHI			  Near	 CODE:3AFB
STATECRCLO			  Near	 CODE:3AF0
STATEDATA			  Near	 CODE:3ACE
STATEIDLE			  Near	 CODE:3A8C
STATELENHI			  Near	 CODE:3AB2
STATELENLO			  Near	 CODE:3AA4
STATESEQ			  Near	 CODE:3A8F
STATE_CRC_HI			  Number 0006
STATE_CRC_LO			  Number 0005
STATE_DATA			  Number 0004
STATE_IDLE			  Number 0000
STATE_LEN_HI			  Number 0003
STATE_LEN_LO			  Number 0002
STATE_SEQ			  Number 0001
STATISTICS			  Struct CODE:016B STATS
TIMERISR			  Far	 CODE:3360
TIMERISRCHAIN			  Near	 CODE:33BA
TOUPPER				  Near	 CODE:2D6E
TOUPPERDONE			  Near	 CODE:2D78
TRANSMITERROR			  Near	 CODE:40D2
TRANSMITFRAME			  Near	 CODE:4167
TRANSMITLOOP			  Near	 CODE:4188
TRYBOARDNUM			  Near	 CODE:2A4E
TRYPARSECOM			  Near	 CODE:2B12
TRYPARSELPT			  Near	 CODE:2B3F
TXALREADYACTIVE			  Near	 CODE:402C
TXBUFFER			  Byte	 CODE:11E1
Turbo Assembler	 Version 4.1	    04/04/26 20:56:31	    Page 112
Symbol Table



TXCRC				  Word	 CODE:01CD
TXCURRENTECB			  Dword	 CODE:01BD
TXCURRENTOFF			  Word	 CODE:01C3
TXCURRENTSEG			  Word	 CODE:01C1
TXFRAGINDEX			  Word	 CODE:01C5
TXFRAGOFFSET			  Word	 CODE:01C7
TXFRAMEBUFFER			  Byte	 CODE:1C41
TXINPTR				  Word	 CODE:01AF
TXMONALREADYREG			  Near	 CODE:4313
TXMONBADPARAM			  Near	 CODE:4339
TXMONITORACTIVE			  Byte	 CODE:0195
TXMONITOROFF			  Word	 CODE:0191
TXMONITORSEG			  Word	 CODE:0193
TXOUTPTR			  Word	 CODE:01B1
TXPACKETSIZE			  Word	 CODE:01CB
TXPAUSED			  Byte	 CODE:01AA
TXPENDING			  Byte	 CODE:01A9
TXQUEUECOUNT			  Word	 CODE:01BB
TXQUEUEHEAD			  Dword	 CODE:01B3
TXQUEUETAIL			  Dword	 CODE:01B7
TXREADY1			  Near	 CODE:3EE2
TXREADY2			  Near	 CODE:3EFD
TXRETRANSMIT			  Byte	 CODE:01AB
TXRETRYCOUNT			  Byte	 CODE:01AC
TXSEQNUM			  Byte	 CODE:01A8
TXTIMEOUT			  Word	 CODE:01AD
TXTOTALSENT			  Word	 CODE:01C9
TX_BUFFER_SIZE			  Number 0800
UARTDETECTED			  Near	 CODE:3133
UARTDETECTRETRY			  Near	 CODE:300C
UARTTYPEOK			  Near	 CODE:3161
UART_FCR			  Number 0002
UART_IER			  Number 0001
UART_IIR			  Number 0002
UART_LCR			  Number 0003
UART_LSR			  Number 0005
UART_MCR			  Number 0004
UART_MSR			  Number 0006
UART_RBR			  Number 0000
UART_SCR			  Number 0007
UART_THR			  Number 0000
UMBALLOCATED			  Byte	 CODE:3271
UMBSUCCESS			  Near	 CODE:32A9
UNESCAPEESC			  Near	 CODE:3A2C
UNESCAPESTART			  Near	 CODE:3A28
UNESCAPEXOFF			  Near	 CODE:3A34
UNESCAPEXON			  Near	 CODE:3A30
UNLOADDRIVER			  Near	 CODE:4523
UNLOAD_TSRBOARDNUM		  Word	 CODE:2450
UNLOAD_TSRIRQNUM		  Byte	 CODE:2455
UNLOAD_TSRMODE			  Byte	 CODE:2454
UNLOAD_TSRPORT			  Word	 CODE:2452
UNLOAD_TSRSEG			  Word	 CODE:244E
UPDATECRC			  Near	 CODE:3B32
UPDATETXCRC			  Near	 CODE:4239
USEFRAGSIZE			  Near	 CODE:3E5E
VALIDATEFRAME			  Near	 CODE:3D56
Turbo Assembler	 Version 4.1	    04/04/26 20:56:31	    Page 113
Symbol Table



VERBOSETICKS			  Word	 CODE:29FD
VERBOSE_INTERVAL		  Number 005A
WAITFORNAKSEQ			  Near	 CODE:3850
WAITFORSEQ			  Near	 CODE:388B
WAITNAKREADY1			  Near	 CODE:3F10
WAITNAKREADY2			  Near	 CODE:3F2B
WAITTXREADY			  Near	 CODE:3ED0
WAITTXREADY2			  Near	 CODE:3EEB
WAITXOFFREADY			  Near	 CODE:3F93
WAITXONREADY			  Near	 CODE:3FC3
XOFF_CHAR			  Number 0013
XON_CHAR			  Number 0011
ZEROEXTEND16TO32		  Near	 CODE:4684

Structure Name			  Type	Offset

CONFIG
 MODE				  Byte	 0000
 PORT				  Word	 0001
 BAUDRATE			  Dword	 0003
 FLOWCTRL			  Byte	 0007
 MACADDR			  Byte	 0008
 IRQNUM				  Byte	 000E
 UARTTYPE			  Byte	 000F
 PARMODE			  Byte	 0010
 BOARDNUM			  Word	 0011
 PORTSOURCE			  Byte	 0013
 FRAMETYPE			  Word	 0014
LOOKAHEADSTRUC
 LMEDIAHEADERPTR		  Dword	 0000
 LOOKAHEADPTR			  Dword	 0004
 LOOKAHEADLEN			  Word	 0008
 LPROTID			  Byte	 000A
 LBOARDNUM			  Word	 0010
 LDATASIZE			  Word	 0012
 LIMMADDRESS			  Byte	 0014
 LPACKETATTRIB			  Word	 001A
 LDESTTYPE			  Word	 001C
 LSTARTCOPYOFFSET		  Word	 001E
 LPRIORITYLEVEL			  Byte	 0020
 LRESERVED			  Byte	 0021
LSLINFOBLOCK
 LSLENTRYPOINT			  Dword	 0000
 LSLINFO1			  Word	 0004
 LSLINFO2			  Word	 0006
MLIDCONFIG
 SIGNATURE			  Byte	 0000
 MCONFIGTABLEMAJORVER		  Byte	 001A
 MCONFIGTABLEMINORVER		  Byte	 001B
 NODEADDRESS			  Byte	 001C
 MODEFLAGS			  Word	 0022
 BOARDNUMBER			  Word	 0024
 BOARDINSTANCE			  Word	 0026
 MAXDATASIZE			  Word	 0028
 BESTDATASIZE			  Word	 002A
 WORSTDATASIZE			  Word	 002C
 NICLONGNAME			  Dword	 002E
Turbo Assembler	 Version 4.1	    04/04/26 20:56:31	    Page 114
Symbol Table



 NICSHORTNAME			  Dword	 0032
 FRAMEMEDIATYPE			  Dword	 0036
 RESERVED1			  Word	 003A
 FRAMETYPEID			  Word	 003C
 TRANSPORTTIME			  Word	 003E
 SOURCEROUTEHANDLER		  Dword	 0040
 LOOKAHEADSIZE			  Word	 0044
 LINESPEED			  Word	 0046
 QUEUEDEPTH			  Word	 0048
 RESERVED2			  Byte	 004A
 DRIVERMAJORVER			  Byte	 0050
 DRIVERMINORVER			  Byte	 0051
 BUSMULTICASTFLAGS		  Word	 0052
 SENDRETRIES			  Word	 0054
 CONFIGTABLELINK		  Dword	 0056
 SHARINGFLAGS			  Word	 005A
 SLOTNUMBER			  Word	 005C
 IOADDR1			  Word	 005E
 IORANGE1			  Word	 0060
 IOADDR2			  Word	 0062
 IORANGE2			  Word	 0064
 MEMADDR1			  Dword	 0066
 MEMSIZE1			  Word	 006A
 MEMADDR2			  Dword	 006C
 MEMSIZE2			  Word	 0070
 IRQLINE1			  Byte	 0072
 IRQLINE2			  Byte	 0073
 DMALINE1			  Byte	 0074
 DMALINE2			  Byte	 0075
MLIDFUNCTABLE
 GETSTATISTICS			  Dword	 0000
 ADDMULTICAST			  Dword	 0004
 DELETEMULTICAST		  Dword	 0008
 MLIDSHUTDOWN			  Dword	 000C
 MLIDRESET			  Dword	 0010
 RESERVED			  Dword	 0014
MLIDINFOBLOCK
 MIBS_SENDENTRY			  Dword	 0000
 MIBS_CONTROLENTRY		  Dword	 0004
 MIBS_CONFIGTABLE		  Dword	 0008
MLIDSTATSTRUCTURE
 MSTATTABLEMAJORVER		  Byte	 0000
 MSTATTABLEMINORVER		  Byte	 0001
 MNUMGENERICCOUNTERS		  Word	 0002
 MVALIDCOUNTERMASK		  Dword	 0004
 MTOTALTXPACKETS		  Dword	 0008
 MTOTALRXPACKETS		  Dword	 000C
 MNOECBSAVAILABLE		  Dword	 0010
 MTXTOOBIG			  Dword	 0014
 MTXTOOSMALL			  Dword	 0018
 MRXOVERFLOW			  Dword	 001C
 MRXTOOBIG			  Dword	 0020
 MRXTOOSMALL			  Dword	 0024
 MTXMISCERROR			  Dword	 0028
 MRXMISCERROR			  Dword	 002C
 MTXRETRYCOUNT			  Dword	 0030
 MRXCHECKSUMERROR		  Dword	 0034
Turbo Assembler	 Version 4.1	    04/04/26 20:56:31	    Page 115
Symbol Table



 MRXMISMATCHERROR		  Dword	 0038
 MQUEUEDEPTH			  Dword	 003C
 MTXOKMULTICASTCOUNT		  Dword	 0040
 MRXOKMULTICASTCOUNT		  Dword	 0044
 MNUMCUSTOMCOUNTERS		  Word	 0048
STATS
 TXPACKETS			  Dword	 0000
 TXBYTES			  Dword	 0004
 RXPACKETS			  Dword	 0008
 RXBYTES			  Dword	 000C
 CRCERRORS			  Dword	 0010
 TIMEOUTS			  Dword	 0014
 RETRIES			  Dword	 0018
 OVERRUNS			  Dword	 001C

Groups & Segments		  Bit Size Align  Combine Class

CODE				  16  46B4 Para	  none
